{"path": "/api/v1/auth/login", "method": "POST", "status": 200, "duration_ms": 127.77819999610074, "request_id": "d8f331af-84f7-4efc-958d-264232d6de5f", "event": "request", "timestamp": "2026-08-17T04:51:39.725584Z", "level": "info"}
HTTP Request: POST http://test/api/v1/auth/login "HTTP/1.1 200 OK"
BEGIN (implicit)
SELECT error_events.exception_type, error_events.message, error_events.category, error_events.service, error_events.endpoint, error_events.request_id, error_events.trace_id, error_events.user_id, error_events.stack_trace, error_events.fingerprint, error_events.occurrence_count, error_events.id, error_events.created_at, error_events.updated_at 
FROM error_events 
WHERE error_events.fingerprint = ?
[generated in 0.00075s] ('5007ef2aec9a3a80',)
ROLLBACK
{"original_error": "Invalid credentials", "tracking_error": "(sqlite3.OperationalError) no such table: error_events\n[SQL: SELECT error_events.exception_type, error_events.message, error_events.category, error_events.service, error_events.endpoint, error_events.request_id, error_events.trace_id, error_events.user_id, error_events.stack_trace, error_events.fingerprint, error_events.occurrence_count, error_events.id, error_events.created_at, error_events.updated_at \nFROM error_events \nWHERE error_events.fingerprint = ?]\n[parameters: ('5007ef2aec9a3a80',)]\n(Background on this error at: https://sqlalche.me/e/20/e3q8)", "event": "error_tracking_failed", "user_id": "anonymous", "request_id": "0d70fbd0-d746-4ddd-8362-0698c51afa08", "trace_id": "0d70fbd0-d746-4ddd-8362-0698c51afa08", "timestamp": "2026-08-17T04:51:40.126667Z", "level": "error"}
{"path": "/api/v1/auth/login", "method": "POST", "status": 401, "duration_ms": 111.032199987676, "request_id": "0d70fbd0-d746-4ddd-8362-0698c51afa08", "event": "request", "timestamp": "2026-08-17T04:51:40.127131Z", "level": "info"}
HTTP Request: POST http://test/api/v1/auth/login "HTTP/1.1 401 Unauthorized"
BEGIN (implicit)
SELECT error_events.exception_type, error_events.message, error_events.category, error_events.service, error_events.endpoint, error_events.request_id, error_events.trace_id, error_events.user_id, error_events.stack_trace, error_events.fingerprint, error_events.occurrence_count, error_events.id, error_events.created_at, error_events.updated_at 
FROM error_events 
WHERE error_events.fingerprint = ?
[cached since 0.1982s ago] ('5007ef2aec9a3a80',)
ROLLBACK
{"original_error": "Invalid credentials", "tracking_error": "(sqlite3.OperationalError) no such table: error_events\n[SQL: SELECT error_events.exception_type, error_events.message, error_events.category, error_events.service, error_events.endpoint, error_events.request_id, error_events.trace_id, error_events.user_id, error_events.stack_trace, error_events.fingerprint, error_events.occurrence_count, error_events.id, error_events.created_at, error_events.updated_at \nFROM error_events \nWHERE error_events.fingerprint = ?]\n[parameters: ('5007ef2aec9a3a80',)]\n(Background on this error at: https://sqlalche.me/e/20/e3q8)", "event": "error_tracking_failed", "user_id": "anonymous", "request_id": "655f703a-232d-430d-a26b-5089597bbaf3", "trace_id": "655f703a-232d-430d-a26b-5089597bbaf3", "timestamp": "2026-08-17T04:51:40.322306Z", "level": "error"}
{"path": "/api/v1/auth/login", "method": "POST", "status": 401, "duration_ms": 6.987599976127967, "request_id": "655f703a-232d-430d-a26b-5089597bbaf3", "event": "request", "timestamp": "2026-08-17T04:51:40.322775Z", "level": "info"}
HTTP Request: POST http://test/api/v1/auth/login "HTTP/1.1 401 Unauthorized"
BEGIN (implicit)
SELECT error_events.exception_type, error_events.message, error_events.category, error_events.service, error_events.endpoint, error_events.request_id, error_events.trace_id, error_events.user_id, error_events.stack_trace, error_events.fingerprint, error_events.occurrence_count, error_events.id, error_events.created_at, error_events.updated_at 
FROM error_events 
WHERE error_events.fingerprint = ?
[cached since 0.5447s ago] ('5007ef2aec9a3a80',)
ROLLBACK
{"original_error": "Invalid credentials", "tracking_error": "(sqlite3.OperationalError) no such table: error_events\n[SQL: SELECT error_events.exception_type, error_events.message, error_events.category, error_events.service, error_events.endpoint, error_events.request_id, error_events.trace_id, error_events.user_id, error_events.stack_trace, error_events.fingerprint, error_events.occurrence_count, error_events.id, error_events.created_at, error_events.updated_at \nFROM error_events \nWHERE error_events.fingerprint = ?]\n[parameters: ('5007ef2aec9a3a80',)]\n(Background on this error at: https://sqlalche.me/e/20/e3q8)", "event": "error_tracking_failed", "user_id": "anonymous", "request_id": "8c4b9e7c-0017-480a-971f-7b1ff65c1bae", "trace_id": "8c4b9e7c-0017-480a-971f-7b1ff65c1bae", "timestamp": "2026-08-17T04:51:40.669568Z", "level": "error"}
{"path": "/api/v1/auth/login", "method": "POST", "status": 401, "duration_ms": 97.80619997764006, "request_id": "8c4b9e7c-0017-480a-971f-7b1ff65c1bae", "event": "request", "timestamp": "2026-08-17T04:51:40.670324Z", "level": "info"}
HTTP Request: POST http://test/api/v1/auth/login "HTTP/1.1 401 Unauthorized"
BEGIN (implicit)
SELECT error_events.exception_type, error_events.message, error_events.category, error_events.service, error_events.endpoint, error_events.request_id, error_events.trace_id, error_events.user_id, error_events.stack_trace, error_events.fingerprint, error_events.occurrence_count, error_events.id, error_events.created_at, error_events.updated_at 
FROM error_events 
WHERE error_events.fingerprint = ?
[cached since 0.645s ago] ('5007ef2aec9a3a80',)
ROLLBACK
{"original_error": "Invalid credentials", "tracking_error": "(sqlite3.OperationalError) no such table: error_events\n[SQL: SELECT error_events.exception_type, error_events.message, error_events.category, error_events.service, error_events.endpoint, error_events.request_id, error_events.trace_id, error_events.user_id, error_events.stack_trace, error_events.fingerprint, error_events.occurrence_count, error_events.id, error_events.created_at, error_events.updated_at \nFROM error_events \nWHERE error_events.fingerprint = ?]\n[parameters: ('5007ef2aec9a3a80',)]\n(Background on this error at: https://sqlalche.me/e/20/e3q8)", "event": "error_tracking_failed", "user_id": "anonymous", "request_id": "73cc7f12-3055-4481-80ad-551797418cfb", "trace_id": "73cc7f12-3055-4481-80ad-551797418cfb", "timestamp": "2026-08-17T04:51:40.768697Z", "level": "error"}
{"path": "/api/v1/auth/login", "method": "POST", "status": 401, "duration_ms": 94.88270001020283, "request_id": "73cc7f12-3055-4481-80ad-551797418cfb", "event": "request", "timestamp": "2026-08-17T04:51:40.769084Z", "level": "info"}
HTTP Request: POST http://test/api/v1/auth/login "HTTP/1.1 401 Unauthorized"
BEGIN (implicit)
SELECT error_events.exception_type, error_events.message, error_events.category, error_events.service, error_events.endpoint, error_events.request_id, error_events.trace_id, error_events.user_id, error_events.stack_trace, error_events.fingerprint, error_events.occurrence_count, error_events.id, error_events.created_at, error_events.updated_at 
FROM error_events 
WHERE error_events.fingerprint = ?
[cached since 0.7217s ago] ('5007ef2aec9a3a80',)
ROLLBACK
{"original_error": "Invalid credentials", "tracking_error": "(sqlite3.OperationalError) no such table: error_events\n[SQL: SELECT error_events.exception_type, error_events.message, error_events.category, error_events.service, error_events.endpoint, error_events.request_id, error_events.trace_id, error_events.user_id, error_events.stack_trace, error_events.fingerprint, error_events.occurrence_count, error_events.id, error_events.created_at, error_events.updated_at \nFROM error_events \nWHERE error_events.fingerprint = ?]\n[parameters: ('5007ef2aec9a3a80',)]\n(Background on this error at: https://sqlalche.me/e/20/e3q8)", "event": "error_tracking_failed", "user_id": "anonymous", "request_id": "58050d9b-e2e3-49bf-a118-cc2423ec8ba1", "trace_id": "58050d9b-e2e3-49bf-a118-cc2423ec8ba1", "timestamp": "2026-08-17T04:51:40.845316Z", "level": "error"}
{"path": "/api/v1/auth/login", "method": "POST", "status": 401, "duration_ms": 74.21120000071824, "request_id": "58050d9b-e2e3-49bf-a118-cc2423ec8ba1", "event": "request", "timestamp": "2026-08-17T04:51:40.845751Z", "level": "info"}
HTTP Request: POST http://test/api/v1/auth/login "HTTP/1.1 401 Unauthorized"
BEGIN (implicit)
SELECT error_events.exception_type, error_events.message, error_events.category, error_events.service, error_events.endpoint, error_events.request_id, error_events.trace_id, error_events.user_id, error_events.stack_trace, error_events.fingerprint, error_events.occurrence_count, error_events.id, error_events.created_at, error_events.updated_at 
FROM error_events 
WHERE error_events.fingerprint = ?
[cached since 0.8033s ago] ('5007ef2aec9a3a80',)
ROLLBACK
{"original_error": "Invalid credentials", "tracking_error": "(sqlite3.OperationalError) no such table: error_events\n[SQL: SELECT error_events.exception_type, error_events.message, error_events.category, error_events.service, error_events.endpoint, error_events.request_id, error_events.trace_id, error_events.user_id, error_events.stack_trace, error_events.fingerprint, error_events.occurrence_count, error_events.id, error_events.created_at, error_events.updated_at \nFROM error_events \nWHERE error_events.fingerprint = ?]\n[parameters: ('5007ef2aec9a3a80',)]\n(Background on this error at: https://sqlalche.me/e/20/e3q8)", "event": "error_tracking_failed", "user_id": "anonymous", "request_id": "5a3f6175-ddcb-4925-94cb-2fb1765b303c", "trace_id": "5a3f6175-ddcb-4925-94cb-2fb1765b303c", "timestamp": "2026-08-17T04:51:40.926965Z", "level": "error"}
{"path": "/api/v1/auth/login", "method": "POST", "status": 401, "duration_ms": 79.747599986149, "request_id": "5a3f6175-ddcb-4925-94cb-2fb1765b303c", "event": "request", "timestamp": "2026-08-17T04:51:40.927723Z", "level": "info"}
HTTP Request: POST http://test/api/v1/auth/login "HTTP/1.1 401 Unauthorized"
BEGIN (implicit)
SELECT error_events.exception_type, error_events.message, error_events.category, error_events.service, error_events.endpoint, error_events.request_id, error_events.trace_id, error_events.user_id, error_events.stack_trace, error_events.fingerprint, error_events.occurrence_count, error_events.id, error_events.created_at, error_events.updated_at 
FROM error_events 
WHERE error_events.fingerprint = ?
[cached since 0.9237s ago] ('5007ef2aec9a3a80',)
ROLLBACK
{"original_error": "Invalid credentials", "tracking_error": "(sqlite3.OperationalError) no such table: error_events\n[SQL: SELECT error_events.exception_type, error_events.message, error_events.category, error_events.service, error_events.endpoint, error_events.request_id, error_events.trace_id, error_events.user_id, error_events.stack_trace, error_events.fingerprint, error_events.occurrence_count, error_events.id, error_events.created_at, error_events.updated_at \nFROM error_events \nWHERE error_events.fingerprint = ?]\n[parameters: ('5007ef2aec9a3a80',)]\n(Background on this error at: https://sqlalche.me/e/20/e3q8)", "event": "error_tracking_failed", "user_id": "anonymous", "request_id": "935c03b2-a2b0-4a87-8824-8e0df1f08648", "trace_id": "935c03b2-a2b0-4a87-8824-8e0df1f08648", "timestamp": "2026-08-17T04:51:41.047900Z", "level": "error"}
{"path": "/api/v1/auth/login", "method": "POST", "status": 401, "duration_ms": 117.05470000742935, "request_id": "935c03b2-a2b0-4a87-8824-8e0df1f08648", "event": "request", "timestamp": "2026-08-17T04:51:41.048272Z", "level": "info"}
HTTP Request: POST http://test/api/v1/auth/login "HTTP/1.1 401 Unauthorized"
BEGIN (implicit)
SELECT error_events.exception_type, error_events.message, error_events.category, error_events.service, error_events.endpoint, error_events.request_id, error_events.trace_id, error_events.user_id, error_events.stack_trace, error_events.fingerprint, error_events.occurrence_count, error_events.id, error_events.created_at, error_events.updated_at 
FROM error_events 
WHERE error_events.fingerprint = ?
[cached since 0.9347s ago] ('22e77aa21c9a48e6',)
ROLLBACK
{"original_error": "Account locked. Try again later.", "tracking_error": "(sqlite3.OperationalError) no such table: error_events\n[SQL: SELECT error_events.exception_type, error_events.message, error_events.category, error_events.service, error_events.endpoint, error_events.request_id, error_events.trace_id, error_events.user_id, error_events.stack_trace, error_events.fingerprint, error_events.occurrence_count, error_events.id, error_events.created_at, error_events.updated_at \nFROM error_events \nWHERE error_events.fingerprint = ?]\n[parameters: ('22e77aa21c9a48e6',)]\n(Background on this error at: https://sqlalche.me/e/20/e3q8)", "event": "error_tracking_failed", "user_id": "anonymous", "request_id": "5b8a44f8-e0d5-424d-bd0b-6a53e50e29e3", "trace_id": "5b8a44f8-e0d5-424d-bd0b-6a53e50e29e3", "timestamp": "2026-08-17T04:51:41.058614Z", "level": "error"}
{"path": "/api/v1/auth/login", "method": "POST", "status": 401, "duration_ms": 8.679899998242036, "request_id": "5b8a44f8-e0d5-424d-bd0b-6a53e50e29e3", "event": "request", "timestamp": "2026-08-17T04:51:41.058983Z", "level": "info"}
HTTP Request: POST http://test/api/v1/auth/login "HTTP/1.1 401 Unauthorized"
{"path": "/api/v1/auth/login", "method": "POST", "status": 200, "duration_ms": 121.9993999984581, "request_id": "bdad79a5-a623-4792-90c7-c7f1aecbe8b9", "event": "request", "timestamp": "2026-08-17T04:51:41.537561Z", "level": "info"}
HTTP Request: POST http://test/api/v1/auth/login "HTTP/1.1 200 OK"
{"path": "/api/v1/auth/refresh", "method": "POST", "status": 200, "duration_ms": 8.636600017780438, "request_id": "b5626789-11d6-42f6-8df1-cf6ddf61bd1f", "event": "request", "timestamp": "2026-08-17T04:51:41.550480Z", "level": "info"}
HTTP Request: POST http://test/api/v1/auth/refresh "HTTP/1.1 200 OK"
{"path": "/api/v1/auth/login", "method": "POST", "status": 200, "duration_ms": 93.77190002123825, "request_id": "82a8bb49-8298-4ec6-b9c0-5d3ccda71a51", "event": "request", "timestamp": "2026-08-17T04:51:41.929216Z", "level": "info"}
HTTP Request: POST http://test/api/v1/auth/login "HTTP/1.1 200 OK"
{"path": "/api/v1/auth/logout", "method": "POST", "status": 200, "duration_ms": 5.0743999890983105, "request_id": "97ef22d2-611b-4458-8da2-445bd04a97ee", "event": "request", "timestamp": "2026-08-17T04:51:41.936839Z", "level": "info"}
HTTP Request: POST http://test/api/v1/auth/logout "HTTP/1.1 200 OK"
BEGIN (implicit)
SELECT error_events.exception_type, error_events.message, error_events.category, error_events.service, error_events.endpoint, error_events.request_id, error_events.trace_id, error_events.user_id, error_events.stack_trace, error_events.fingerprint, error_events.occurrence_count, error_events.id, error_events.created_at, error_events.updated_at 
FROM error_events 
WHERE error_events.fingerprint = ?
[cached since 1.821s ago] ('add96d3cf99a0d5d',)
ROLLBACK
{"original_error": "Refresh token expired or revoked", "tracking_error": "(sqlite3.OperationalError) no such table: error_events\n[SQL: SELECT error_events.exception_type, error_events.message, error_events.category, error_events.service, error_events.endpoint, error_events.request_id, error_events.trace_id, error_events.user_id, error_events.stack_trace, error_events.fingerprint, error_events.occurrence_count, error_events.id, error_events.created_at, error_events.updated_at \nFROM error_events \nWHERE error_events.fingerprint = ?]\n[parameters: ('add96d3cf99a0d5d',)]\n(Background on this error at: https://sqlalche.me/e/20/e3q8)", "event": "error_tracking_failed", "user_id": "anonymous", "request_id": "aa4e1dbf-43cf-436e-99ee-2ce479f575b3", "trace_id": "aa4e1dbf-43cf-436e-99ee-2ce479f575b3", "timestamp": "2026-08-17T04:51:41.944805Z", "level": "error"}
{"path": "/api/v1/auth/refresh", "method": "POST", "status": 401, "duration_ms": 5.42269999277778, "request_id": "aa4e1dbf-43cf-436e-99ee-2ce479f575b3", "event": "request", "timestamp": "2026-08-17T04:51:41.945122Z", "level": "info"}
HTTP Request: POST http://test/api/v1/auth/refresh "HTTP/1.1 401 Unauthorized"
{"path": "/api/v1/users", "method": "GET", "status": 401, "duration_ms": 3.727100003743544, "request_id": "78240de2-3356-406b-b048-308b60a35fc5", "event": "request", "timestamp": "2026-08-17T04:51:42.133897Z", "level": "info"}
HTTP Request: GET http://test/api/v1/users "HTTP/1.1 401 Unauthorized"
BEGIN (implicit)
SELECT error_events.exception_type, error_events.message, error_events.category, error_events.service, error_events.endpoint, error_events.request_id, error_events.trace_id, error_events.user_id, error_events.stack_trace, error_events.fingerprint, error_events.occurrence_count, error_events.id, error_events.created_at, error_events.updated_at 
FROM error_events 
WHERE error_events.fingerprint = ?
[cached since 2.234s ago] ('96abec137d2042a6',)
ROLLBACK
{"original_error": "Invalid or expired token", "tracking_error": "(sqlite3.OperationalError) no such table: error_events\n[SQL: SELECT error_events.exception_type, error_events.message, error_events.category, error_events.service, error_events.endpoint, error_events.request_id, error_events.trace_id, error_events.user_id, error_events.stack_trace, error_events.fingerprint, error_events.occurrence_count, error_events.id, error_events.created_at, error_events.updated_at \nFROM error_events \nWHERE error_events.fingerprint = ?]\n[parameters: ('96abec137d2042a6',)]\n(Background on this error at: https://sqlalche.me/e/20/e3q8)", "event": "error_tracking_failed", "user_id": "anonymous", "request_id": "3ea8d143-9a1c-4747-8b26-a6d51dfd8ea9", "trace_id": "3ea8d143-9a1c-4747-8b26-a6d51dfd8ea9", "timestamp": "2026-08-17T04:51:42.359786Z", "level": "error"}
{"path": "/api/v1/users", "method": "GET", "status": 401, "duration_ms": 11.107300000730902, "request_id": "3ea8d143-9a1c-4747-8b26-a6d51dfd8ea9", "event": "request", "timestamp": "2026-08-17T04:51:42.360608Z", "level": "info"}
HTTP Request: GET http://test/api/v1/users "HTTP/1.1 401 Unauthorized"
{"path": "/api/v1/auth/login", "method": "POST", "status": 200, "duration_ms": 108.0820000206586, "request_id": "5ff4fd25-43e7-4b7e-9277-ac549aa2fd10", "event": "request", "timestamp": "2026-08-17T04:51:42.736219Z", "level": "info"}
HTTP Request: POST http://test/api/v1/auth/login "HTTP/1.1 200 OK"
BEGIN (implicit)
SELECT error_events.exception_type, error_events.message, error_events.category, error_events.service, error_events.endpoint, error_events.request_id, error_events.trace_id, error_events.user_id, error_events.stack_trace, error_events.fingerprint, error_events.occurrence_count, error_events.id, error_events.created_at, error_events.updated_at 
FROM error_events 
WHERE error_events.fingerprint = ?
[cached since 2.633s ago] ('78a41318b608a77e',)
ROLLBACK
{"original_error": "Missing permission: users.read", "tracking_error": "(sqlite3.OperationalError) no such table: error_events\n[SQL: SELECT error_events.exception_type, error_events.message, error_events.category, error_events.service, error_events.endpoint, error_events.request_id, error_events.trace_id, error_events.user_id, error_events.stack_trace, error_events.fingerprint, error_events.occurrence_count, error_events.id, error_events.created_at, error_events.updated_at \nFROM error_events \nWHERE error_events.fingerprint = ?]\n[parameters: ('78a41318b608a77e',)]\n(Background on this error at: https://sqlalche.me/e/20/e3q8)", "event": "error_tracking_failed", "user_id": "anonymous", "request_id": "85c6a727-1974-4000-ace8-cf4ef620d776", "trace_id": "85c6a727-1974-4000-ace8-cf4ef620d776", "timestamp": "2026-08-17T04:51:42.759335Z", "level": "error"}
{"path": "/api/v1/users", "method": "GET", "status": 403, "duration_ms": 18.173800024669617, "request_id": "85c6a727-1974-4000-ace8-cf4ef620d776", "event": "request", "timestamp": "2026-08-17T04:51:42.760110Z", "level": "info"}
HTTP Request: GET http://test/api/v1/users "HTTP/1.1 403 Forbidden"
{"path": "/api/v1/auth/login", "method": "POST", "status": 200, "duration_ms": 83.45380000537261, "request_id": "541eec42-6ce1-48f7-bde1-265ac0b418a4", "event": "request", "timestamp": "2026-08-17T04:51:43.211610Z", "level": "info"}
HTTP Request: POST http://test/api/v1/auth/login "HTTP/1.1 200 OK"
{"path": "/api/v1/users", "method": "POST", "status": 200, "duration_ms": 117.52830000477843, "request_id": "a0b375d0-e373-49c3-be05-92278a93c010", "event": "request", "timestamp": "2026-08-17T04:51:43.333136Z", "level": "info"}
HTTP Request: POST http://test/api/v1/users "HTTP/1.1 200 OK"
{"path": "/api/v1/auth/login", "method": "POST", "status": 200, "duration_ms": 77.19449998694472, "request_id": "a7b84011-0973-414f-a803-052d61fa7a0e", "event": "request", "timestamp": "2026-08-17T04:51:43.649056Z", "level": "info"}
HTTP Request: POST http://test/api/v1/auth/login "HTTP/1.1 200 OK"
{"path": "/api/v1/auth/change-password", "method": "POST", "status": 200, "duration_ms": 141.10959999379702, "request_id": "0e916d6a-121d-45d9-ba1d-5fac2f20fffd", "event": "request", "timestamp": "2026-08-17T04:51:43.794065Z", "level": "info"}
HTTP Request: POST http://test/api/v1/auth/change-password "HTTP/1.1 200 OK"
BEGIN (implicit)
SELECT error_events.exception_type, error_events.message, error_events.category, error_events.service, error_events.endpoint, error_events.request_id, error_events.trace_id, error_events.user_id, error_events.stack_trace, error_events.fingerprint, error_events.occurrence_count, error_events.id, error_events.created_at, error_events.updated_at 
FROM error_events 
WHERE error_events.fingerprint = ?
[cached since 3.791s ago] ('76aedd262dd8760f',)
ROLLBACK
{"original_error": "(sqlite3.IntegrityError) UNIQUE constraint failed: refresh_tokens.token\n[SQL: INSERT INTO refresh_tokens (user_id, token, expires_at, revoked, device_info, id) VALUES (?, ?, ?, ?, ?, ?) RETURNING created_at, updated_at]\n[parameters: ('23b1a257-4b85-471e-bb4d-75f6171b536d', 'eyJhbGciOiJIUzI1NiIsInR5cCI6IkpXVCJ9.eyJzdWIiOiIyM2IxYTI1Ny00Yjg1LTQ3MWUtYmI0ZC03NWY2MTcxYjUzNmQiLCJ0eXBlIjoicmVmcmVzaCIsImV4cCI6MTc4NzU0NzEwM30.SIPJXFdxNmpDGiAEaGjjygmL0XH9DfUMWMQeX3_Ji0o', '2026-08-24 04:51:43.868496', 0, None, 'd6d9f079-533b-48fa-adf9-7ec90b151058')]\n(Background on this error at: https://sqlalche.me/e/20/gkpj)", "tracking_error": "(sqlite3.OperationalError) no such table: error_events\n[SQL: SELECT error_events.exception_type, error_events.message, error_events.category, error_events.service, error_events.endpoint, error_events.request_id, error_events.trace_id, error_events.user_id, error_events.stack_trace, error_events.fingerprint, error_events.occurrence_count, error_events.id, error_events.created_at, error_events.updated_at \nFROM error_events \nWHERE error_events.fingerprint = ?]\n[parameters: ('76aedd262dd8760f',)]\n(Background on this error at: https://sqlalche.me/e/20/e3q8)", "event": "error_tracking_failed", "timestamp": "2026-08-17T04:51:43.914445Z", "level": "error"}
{"path": "/api/v1/auth/login", "method": "POST", "status": 200, "duration_ms": 101.57309999340214, "request_id": "e68e2f8c-89f5-4404-baca-c41564ffbf47", "event": "request", "timestamp": "2026-08-17T04:51:45.301219Z", "level": "info"}
HTTP Request: POST http://test/api/v1/auth/login "HTTP/1.1 200 OK"
{"path": "/api/v1/auth/change-password", "method": "POST", "status": 422, "duration_ms": 19.622899999376386, "request_id": "76e7142c-1c0d-4cda-8762-4fcdb9d06423", "event": "request", "timestamp": "2026-08-17T04:51:45.327307Z", "level": "info"}
HTTP Request: POST http://test/api/v1/auth/change-password "HTTP/1.1 422 Unprocessable Entity"
{"path": "/api/v1/auth/login", "method": "POST", "status": 200, "duration_ms": 105.95050000119954, "request_id": "377d9a80-79eb-44f8-9bd2-75c63945ab01", "event": "request", "timestamp": "2026-08-17T04:51:45.738061Z", "level": "info"}
HTTP Request: POST http://test/api/v1/auth/login "HTTP/1.1 200 OK"
{"document_id": "2b6ccef6-996d-4862-bfd0-8459386c99d0", "type": "invoice", "confidence": 0.75, "status": "completed", "event": "classification_completed", "user_id": "anonymous", "request_id": "2244468e-8860-439e-ad83-231e47c21870", "trace_id": "2244468e-8860-439e-ad83-231e47c21870", "timestamp": "2026-08-17T04:51:45.831582Z", "level": "info"}
{"document_id": "2b6ccef6-996d-4862-bfd0-8459386c99d0", "parser": "text_parser", "ocr": false, "event": "parsing_completed", "user_id": "anonymous", "request_id": "2244468e-8860-439e-ad83-231e47c21870", "trace_id": "2244468e-8860-439e-ad83-231e47c21870", "timestamp": "2026-08-17T04:51:45.850461Z", "level": "info"}
{"document_id": "2b6ccef6-996d-4862-bfd0-8459386c99d0", "valid": true, "issue_count": 0, "event": "canonical_document_built", "user_id": "anonymous", "request_id": "2244468e-8860-439e-ad83-231e47c21870", "trace_id": "2244468e-8860-439e-ad83-231e47c21870", "timestamp": "2026-08-17T04:51:45.870221Z", "level": "info"}
{"document_id": "2b6ccef6-996d-4862-bfd0-8459386c99d0", "fields": 10, "low_confidence": 0, "event": "metadata_extraction_completed", "user_id": "anonymous", "request_id": "2244468e-8860-439e-ad83-231e47c21870", "trace_id": "2244468e-8860-439e-ad83-231e47c21870", "timestamp": "2026-08-17T04:51:46.674084Z", "level": "info"}
{"document_id": "2b6ccef6-996d-4862-bfd0-8459386c99d0", "entities": 4, "facts": 3, "line_items": 0, "event": "extraction_completed", "user_id": "anonymous", "request_id": "2244468e-8860-439e-ad83-231e47c21870", "trace_id": "2244468e-8860-439e-ad83-231e47c21870", "timestamp": "2026-08-17T04:51:46.708635Z", "level": "info"}
{"document_id": "2b6ccef6-996d-4862-bfd0-8459386c99d0", "risk_score": 0.0, "risk_level": "low", "triggered": 0, "failed": 0, "event": "rule_evaluation_completed", "user_id": "anonymous", "request_id": "2244468e-8860-439e-ad83-231e47c21870", "trace_id": "2244468e-8860-439e-ad83-231e47c21870", "timestamp": "2026-08-17T04:51:46.746325Z", "level": "info"}
{"document_id": "2b6ccef6-996d-4862-bfd0-8459386c99d0", "chunker": "invoice_chunker", "chunks": 5, "event": "chunking_completed", "user_id": "anonymous", "request_id": "2244468e-8860-439e-ad83-231e47c21870", "trace_id": "2244468e-8860-439e-ad83-231e47c21870", "timestamp": "2026-08-17T04:51:46.772307Z", "level": "info"}
{"document_id": "2b6ccef6-996d-4862-bfd0-8459386c99d0", "count": 5, "failed": 0, "event": "embedding_completed", "user_id": "anonymous", "request_id": "2244468e-8860-439e-ad83-231e47c21870", "trace_id": "2244468e-8860-439e-ad83-231e47c21870", "timestamp": "2026-08-17T04:51:46.792313Z", "level": "info"}
{"document_id": "2b6ccef6-996d-4862-bfd0-8459386c99d0", "indexed": 5, "failed": 0, "event": "document_indexed", "user_id": "anonymous", "request_id": "2244468e-8860-439e-ad83-231e47c21870", "trace_id": "2244468e-8860-439e-ad83-231e47c21870", "timestamp": "2026-08-17T04:51:46.819436Z", "level": "info"}
{"document_id": "2b6ccef6-996d-4862-bfd0-8459386c99d0", "event": "ingestion_pipeline_completed", "user_id": "anonymous", "request_id": "2244468e-8860-439e-ad83-231e47c21870", "trace_id": "2244468e-8860-439e-ad83-231e47c21870", "timestamp": "2026-08-17T04:51:46.822403Z", "level": "info"}
{"path": "/api/v1/documents/upload", "method": "POST", "status": 200, "duration_ms": 1056.186699977843, "request_id": "2244468e-8860-439e-ad83-231e47c21870", "event": "request", "timestamp": "2026-08-17T04:51:46.824002Z", "level": "info"}
HTTP Request: POST http://test/api/v1/documents/upload "HTTP/1.1 200 OK"
{"path": "/api/v1/auth/login", "method": "POST", "status": 200, "duration_ms": 83.71989999432117, "request_id": "3becd194-667f-421d-bcc5-82cc0b85d5df", "event": "request", "timestamp": "2026-08-17T04:51:47.217273Z", "level": "info"}
HTTP Request: POST http://test/api/v1/auth/login "HTTP/1.1 200 OK"
{"filename": "empty.txt", "reason": "Empty file", "event": "upload_rejected", "user_id": "anonymous", "request_id": "f46ff87e-02e6-47c3-a000-604e3076e4b5", "trace_id": "f46ff87e-02e6-47c3-a000-604e3076e4b5", "timestamp": "2026-08-17T04:51:47.240172Z", "level": "warning"}
{"path": "/api/v1/documents/upload", "method": "POST", "status": 200, "duration_ms": 18.86700000613928, "request_id": "f46ff87e-02e6-47c3-a000-604e3076e4b5", "event": "request", "timestamp": "2026-08-17T04:51:47.241388Z", "level": "info"}
HTTP Request: POST http://test/api/v1/documents/upload "HTTP/1.1 200 OK"
{"path": "/api/v1/auth/login", "method": "POST", "status": 200, "duration_ms": 98.33359997719526, "request_id": "5824f9b5-02e3-4ef6-84a3-366ec2c5ee79", "event": "request", "timestamp": "2026-08-17T04:51:47.702313Z", "level": "info"}
HTTP Request: POST http://test/api/v1/auth/login "HTTP/1.1 200 OK"
{"filename": "virus.exe", "reason": "File type not permitted: .exe", "event": "upload_rejected", "user_id": "anonymous", "request_id": "8372108f-78cd-4e9c-a59f-f5dbec3ab524", "trace_id": "8372108f-78cd-4e9c-a59f-f5dbec3ab524", "timestamp": "2026-08-17T04:51:47.727757Z", "level": "warning"}
{"path": "/api/v1/documents/upload", "method": "POST", "status": 200, "duration_ms": 26.191300014033914, "request_id": "8372108f-78cd-4e9c-a59f-f5dbec3ab524", "event": "request", "timestamp": "2026-08-17T04:51:47.732594Z", "level": "info"}
HTTP Request: POST http://test/api/v1/documents/upload "HTTP/1.1 200 OK"
{"path": "/api/v1/auth/login", "method": "POST", "status": 200, "duration_ms": 156.83480000006966, "request_id": "3381f08e-f799-429d-94b2-4b8b1d189777", "event": "request", "timestamp": "2026-08-17T04:51:48.346852Z", "level": "info"}
HTTP Request: POST http://test/api/v1/auth/login "HTTP/1.1 200 OK"
{"document_id": "89c3e072-0449-4866-92ee-a14677d75d4a", "type": "unknown", "confidence": 0.3, "status": "needs_review", "event": "classification_completed", "user_id": "anonymous", "request_id": "9c23ecb7-34dc-4516-8175-4bd3555bd06f", "trace_id": "9c23ecb7-34dc-4516-8175-4bd3555bd06f", "timestamp": "2026-08-17T04:51:48.410861Z", "level": "info"}
{"document_id": "89c3e072-0449-4866-92ee-a14677d75d4a", "parser": "text_parser", "ocr": false, "event": "parsing_completed", "user_id": "anonymous", "request_id": "9c23ecb7-34dc-4516-8175-4bd3555bd06f", "trace_id": "9c23ecb7-34dc-4516-8175-4bd3555bd06f", "timestamp": "2026-08-17T04:51:48.428862Z", "level": "info"}
{"document_id": "89c3e072-0449-4866-92ee-a14677d75d4a", "valid": true, "issue_count": 0, "event": "canonical_document_built", "user_id": "anonymous", "request_id": "9c23ecb7-34dc-4516-8175-4bd3555bd06f", "trace_id": "9c23ecb7-34dc-4516-8175-4bd3555bd06f", "timestamp": "2026-08-17T04:51:48.452942Z", "level": "info"}
{"document_id": "89c3e072-0449-4866-92ee-a14677d75d4a", "fields": 10, "low_confidence": 0, "event": "metadata_extraction_completed", "user_id": "anonymous", "request_id": "9c23ecb7-34dc-4516-8175-4bd3555bd06f", "trace_id": "9c23ecb7-34dc-4516-8175-4bd3555bd06f", "timestamp": "2026-08-17T04:51:48.488637Z", "level": "info"}
{"document_id": "89c3e072-0449-4866-92ee-a14677d75d4a", "entities": 4, "facts": 3, "line_items": 0, "event": "extraction_completed", "user_id": "anonymous", "request_id": "9c23ecb7-34dc-4516-8175-4bd3555bd06f", "trace_id": "9c23ecb7-34dc-4516-8175-4bd3555bd06f", "timestamp": "2026-08-17T04:51:48.517368Z", "level": "info"}
{"document_id": "89c3e072-0449-4866-92ee-a14677d75d4a", "risk_score": 0.0, "risk_level": "low", "triggered": 0, "failed": 0, "event": "rule_evaluation_completed", "user_id": "anonymous", "request_id": "9c23ecb7-34dc-4516-8175-4bd3555bd06f", "trace_id": "9c23ecb7-34dc-4516-8175-4bd3555bd06f", "timestamp": "2026-08-17T04:51:48.538140Z", "level": "info"}
{"document_id": "89c3e072-0449-4866-92ee-a14677d75d4a", "chunker": "generic_chunker", "chunks": 1, "event": "chunking_completed", "user_id": "anonymous", "request_id": "9c23ecb7-34dc-4516-8175-4bd3555bd06f", "trace_id": "9c23ecb7-34dc-4516-8175-4bd3555bd06f", "timestamp": "2026-08-17T04:51:48.551655Z", "level": "info"}
{"document_id": "89c3e072-0449-4866-92ee-a14677d75d4a", "count": 1, "failed": 0, "event": "embedding_completed", "user_id": "anonymous", "request_id": "9c23ecb7-34dc-4516-8175-4bd3555bd06f", "trace_id": "9c23ecb7-34dc-4516-8175-4bd3555bd06f", "timestamp": "2026-08-17T04:51:48.565055Z", "level": "info"}
{"document_id": "89c3e072-0449-4866-92ee-a14677d75d4a", "indexed": 1, "failed": 0, "event": "document_indexed", "user_id": "anonymous", "request_id": "9c23ecb7-34dc-4516-8175-4bd3555bd06f", "trace_id": "9c23ecb7-34dc-4516-8175-4bd3555bd06f", "timestamp": "2026-08-17T04:51:48.574232Z", "level": "info"}
{"document_id": "89c3e072-0449-4866-92ee-a14677d75d4a", "event": "ingestion_pipeline_completed", "user_id": "anonymous", "request_id": "9c23ecb7-34dc-4516-8175-4bd3555bd06f", "trace_id": "9c23ecb7-34dc-4516-8175-4bd3555bd06f", "timestamp": "2026-08-17T04:51:48.576417Z", "level": "info"}
{"path": "/api/v1/documents/upload", "method": "POST", "status": 200, "duration_ms": 222.37929998664185, "request_id": "9c23ecb7-34dc-4516-8175-4bd3555bd06f", "event": "request", "timestamp": "2026-08-17T04:51:48.576975Z", "level": "info"}
HTTP Request: POST http://test/api/v1/documents/upload "HTTP/1.1 200 OK"
{"filename": "dup2.txt", "reason": "Duplicate of document 89c3e072-0449-4866-92ee-a14677d75d4a", "event": "upload_rejected", "user_id": "anonymous", "request_id": "d5ec2a36-b243-41af-bb35-dac3bcd4d033", "trace_id": "d5ec2a36-b243-41af-bb35-dac3bcd4d033", "timestamp": "2026-08-17T04:51:48.589807Z", "level": "warning"}
{"path": "/api/v1/documents/upload", "method": "POST", "status": 200, "duration_ms": 10.330199991585687, "request_id": "d5ec2a36-b243-41af-bb35-dac3bcd4d033", "event": "request", "timestamp": "2026-08-17T04:51:48.590245Z", "level": "info"}
HTTP Request: POST http://test/api/v1/documents/upload "HTTP/1.1 200 OK"
{"path": "/api/v1/auth/login", "method": "POST", "status": 200, "duration_ms": 83.47489999141544, "request_id": "5984771e-06a6-48d8-8ae1-7a1e6511ba15", "event": "request", "timestamp": "2026-08-17T04:51:48.915858Z", "level": "info"}
HTTP Request: POST http://test/api/v1/auth/login "HTTP/1.1 200 OK"
{"document_id": "7f892f2e-9b6e-420c-893b-8a7b77ec8d2b", "type": "unknown", "confidence": 0.3, "status": "needs_review", "event": "classification_completed", "user_id": "anonymous", "request_id": "1e433c94-5993-4179-bc89-5658a9db5d0e", "trace_id": "1e433c94-5993-4179-bc89-5658a9db5d0e", "timestamp": "2026-08-17T04:51:48.944715Z", "level": "info"}
{"document_id": "7f892f2e-9b6e-420c-893b-8a7b77ec8d2b", "parser": "text_parser", "ocr": false, "event": "parsing_completed", "user_id": "anonymous", "request_id": "1e433c94-5993-4179-bc89-5658a9db5d0e", "trace_id": "1e433c94-5993-4179-bc89-5658a9db5d0e", "timestamp": "2026-08-17T04:51:48.952181Z", "level": "info"}
{"document_id": "7f892f2e-9b6e-420c-893b-8a7b77ec8d2b", "valid": true, "issue_count": 0, "event": "canonical_document_built", "user_id": "anonymous", "request_id": "1e433c94-5993-4179-bc89-5658a9db5d0e", "trace_id": "1e433c94-5993-4179-bc89-5658a9db5d0e", "timestamp": "2026-08-17T04:51:48.959516Z", "level": "info"}
{"document_id": "7f892f2e-9b6e-420c-893b-8a7b77ec8d2b", "fields": 5, "low_confidence": 0, "event": "metadata_extraction_completed", "user_id": "anonymous", "request_id": "1e433c94-5993-4179-bc89-5658a9db5d0e", "trace_id": "1e433c94-5993-4179-bc89-5658a9db5d0e", "timestamp": "2026-08-17T04:51:48.981847Z", "level": "info"}
{"document_id": "7f892f2e-9b6e-420c-893b-8a7b77ec8d2b", "entities": 0, "facts": 0, "line_items": 0, "event": "extraction_completed", "user_id": "anonymous", "request_id": "1e433c94-5993-4179-bc89-5658a9db5d0e", "trace_id": "1e433c94-5993-4179-bc89-5658a9db5d0e", "timestamp": "2026-08-17T04:51:48.996529Z", "level": "info"}
{"document_id": "7f892f2e-9b6e-420c-893b-8a7b77ec8d2b", "risk_score": 0.0, "risk_level": "low", "triggered": 0, "failed": 0, "event": "rule_evaluation_completed", "user_id": "anonymous", "request_id": "1e433c94-5993-4179-bc89-5658a9db5d0e", "trace_id": "1e433c94-5993-4179-bc89-5658a9db5d0e", "timestamp": "2026-08-17T04:51:49.016468Z", "level": "info"}
{"document_id": "7f892f2e-9b6e-420c-893b-8a7b77ec8d2b", "chunker": "generic_chunker", "chunks": 1, "event": "chunking_completed", "user_id": "anonymous", "request_id": "1e433c94-5993-4179-bc89-5658a9db5d0e", "trace_id": "1e433c94-5993-4179-bc89-5658a9db5d0e", "timestamp": "2026-08-17T04:51:49.028396Z", "level": "info"}
{"document_id": "7f892f2e-9b6e-420c-893b-8a7b77ec8d2b", "count": 1, "failed": 0, "event": "embedding_completed", "user_id": "anonymous", "request_id": "1e433c94-5993-4179-bc89-5658a9db5d0e", "trace_id": "1e433c94-5993-4179-bc89-5658a9db5d0e", "timestamp": "2026-08-17T04:51:49.040878Z", "level": "info"}
{"document_id": "7f892f2e-9b6e-420c-893b-8a7b77ec8d2b", "indexed": 1, "failed": 0, "event": "document_indexed", "user_id": "anonymous", "request_id": "1e433c94-5993-4179-bc89-5658a9db5d0e", "trace_id": "1e433c94-5993-4179-bc89-5658a9db5d0e", "timestamp": "2026-08-17T04:51:49.049898Z", "level": "info"}
{"document_id": "7f892f2e-9b6e-420c-893b-8a7b77ec8d2b", "event": "ingestion_pipeline_completed", "user_id": "anonymous", "request_id": "1e433c94-5993-4179-bc89-5658a9db5d0e", "trace_id": "1e433c94-5993-4179-bc89-5658a9db5d0e", "timestamp": "2026-08-17T04:51:49.051268Z", "level": "info"}
{"path": "/api/v1/documents/upload", "method": "POST", "status": 200, "duration_ms": 132.72610001149587, "request_id": "1e433c94-5993-4179-bc89-5658a9db5d0e", "event": "request", "timestamp": "2026-08-17T04:51:49.051719Z", "level": "info"}
HTTP Request: POST http://test/api/v1/documents/upload "HTTP/1.1 200 OK"
{"path": "/api/v1/auth/login", "method": "POST", "status": 200, "duration_ms": 84.96510001714341, "request_id": "e46f052a-2c6b-403b-9974-8e4ae9872d4e", "event": "request", "timestamp": "2026-08-17T04:51:49.342728Z", "level": "info"}
HTTP Request: POST http://test/api/v1/auth/login "HTTP/1.1 200 OK"
{"path": "/api/v1/auth/login", "method": "POST", "status": 200, "duration_ms": 102.08419998525642, "request_id": "7f13ca58-41fe-42ff-b2df-4e7519a340dd", "event": "request", "timestamp": "2026-08-17T04:51:49.525634Z", "level": "info"}
HTTP Request: POST http://test/api/v1/auth/login "HTTP/1.1 200 OK"
{"document_id": "b8313a56-ea5a-4b88-a244-b9854805d29f", "type": "unknown", "confidence": 0.3, "status": "needs_review", "event": "classification_completed", "user_id": "anonymous", "request_id": "ea394138-fb98-4733-8171-e1a1ec74b6d2", "trace_id": "ea394138-fb98-4733-8171-e1a1ec74b6d2", "timestamp": "2026-08-17T04:51:49.580570Z", "level": "info"}
{"document_id": "b8313a56-ea5a-4b88-a244-b9854805d29f", "parser": "text_parser", "ocr": false, "event": "parsing_completed", "user_id": "anonymous", "request_id": "ea394138-fb98-4733-8171-e1a1ec74b6d2", "trace_id": "ea394138-fb98-4733-8171-e1a1ec74b6d2", "timestamp": "2026-08-17T04:51:49.601685Z", "level": "info"}
{"document_id": "b8313a56-ea5a-4b88-a244-b9854805d29f", "valid": true, "issue_count": 0, "event": "canonical_document_built", "user_id": "anonymous", "request_id": "ea394138-fb98-4733-8171-e1a1ec74b6d2", "trace_id": "ea394138-fb98-4733-8171-e1a1ec74b6d2", "timestamp": "2026-08-17T04:51:49.622821Z", "level": "info"}
{"document_id": "b8313a56-ea5a-4b88-a244-b9854805d29f", "fields": 10, "low_confidence": 0, "event": "metadata_extraction_completed", "user_id": "anonymous", "request_id": "ea394138-fb98-4733-8171-e1a1ec74b6d2", "trace_id": "ea394138-fb98-4733-8171-e1a1ec74b6d2", "timestamp": "2026-08-17T04:51:49.658344Z", "level": "info"}
{"document_id": "b8313a56-ea5a-4b88-a244-b9854805d29f", "entities": 4, "facts": 3, "line_items": 0, "event": "extraction_completed", "user_id": "anonymous", "request_id": "ea394138-fb98-4733-8171-e1a1ec74b6d2", "trace_id": "ea394138-fb98-4733-8171-e1a1ec74b6d2", "timestamp": "2026-08-17T04:51:49.690863Z", "level": "info"}
{"document_id": "b8313a56-ea5a-4b88-a244-b9854805d29f", "risk_score": 0.0, "risk_level": "low", "triggered": 0, "failed": 0, "event": "rule_evaluation_completed", "user_id": "anonymous", "request_id": "ea394138-fb98-4733-8171-e1a1ec74b6d2", "trace_id": "ea394138-fb98-4733-8171-e1a1ec74b6d2", "timestamp": "2026-08-17T04:51:49.721223Z", "level": "info"}
{"document_id": "b8313a56-ea5a-4b88-a244-b9854805d29f", "chunker": "generic_chunker", "chunks": 1, "event": "chunking_completed", "user_id": "anonymous", "request_id": "ea394138-fb98-4733-8171-e1a1ec74b6d2", "trace_id": "ea394138-fb98-4733-8171-e1a1ec74b6d2", "timestamp": "2026-08-17T04:51:49.736392Z", "level": "info"}
{"document_id": "b8313a56-ea5a-4b88-a244-b9854805d29f", "count": 1, "failed": 0, "event": "embedding_completed", "user_id": "anonymous", "request_id": "ea394138-fb98-4733-8171-e1a1ec74b6d2", "trace_id": "ea394138-fb98-4733-8171-e1a1ec74b6d2", "timestamp": "2026-08-17T04:51:49.751232Z", "level": "info"}
{"document_id": "b8313a56-ea5a-4b88-a244-b9854805d29f", "indexed": 1, "failed": 0, "event": "document_indexed", "user_id": "anonymous", "request_id": "ea394138-fb98-4733-8171-e1a1ec74b6d2", "trace_id": "ea394138-fb98-4733-8171-e1a1ec74b6d2", "timestamp": "2026-08-17T04:51:49.759732Z", "level": "info"}
{"document_id": "b8313a56-ea5a-4b88-a244-b9854805d29f", "event": "ingestion_pipeline_completed", "user_id": "anonymous", "request_id": "ea394138-fb98-4733-8171-e1a1ec74b6d2", "trace_id": "ea394138-fb98-4733-8171-e1a1ec74b6d2", "timestamp": "2026-08-17T04:51:49.761273Z", "level": "info"}
{"path": "/api/v1/documents/upload", "method": "POST", "status": 200, "duration_ms": 230.0299999769777, "request_id": "ea394138-fb98-4733-8171-e1a1ec74b6d2", "event": "request", "timestamp": "2026-08-17T04:51:49.761716Z", "level": "info"}
HTTP Request: POST http://test/api/v1/documents/upload "HTTP/1.1 200 OK"
{"path": "/api/v1/documents", "method": "GET", "status": 200, "duration_ms": 16.0193000047002, "request_id": "8cdb8032-8250-4da7-9ad2-a8504b9d501e", "event": "request", "timestamp": "2026-08-17T04:51:49.781158Z", "level": "info"}
HTTP Request: GET http://test/api/v1/documents "HTTP/1.1 200 OK"
{"path": "/api/v1/auth/login", "method": "POST", "status": 200, "duration_ms": 107.37449998850934, "request_id": "5f3f1ae2-d167-4489-a8e0-27fb3071a105", "event": "request", "timestamp": "2026-08-17T04:51:50.145694Z", "level": "info"}
HTTP Request: POST http://test/api/v1/auth/login "HTTP/1.1 200 OK"
{"document_id": "a06aaceb-6b0a-4d2f-9d06-2910eed27e5c", "type": "unknown", "confidence": 0.3, "status": "needs_review", "event": "classification_completed", "user_id": "anonymous", "request_id": "8ca40e66-02e7-4da0-bf4a-a7e633745a19", "trace_id": "8ca40e66-02e7-4da0-bf4a-a7e633745a19", "timestamp": "2026-08-17T04:51:50.205865Z", "level": "info"}
{"document_id": "a06aaceb-6b0a-4d2f-9d06-2910eed27e5c", "parser": "text_parser", "ocr": false, "event": "parsing_completed", "user_id": "anonymous", "request_id": "8ca40e66-02e7-4da0-bf4a-a7e633745a19", "trace_id": "8ca40e66-02e7-4da0-bf4a-a7e633745a19", "timestamp": "2026-08-17T04:51:50.227542Z", "level": "info"}
{"document_id": "a06aaceb-6b0a-4d2f-9d06-2910eed27e5c", "valid": true, "issue_count": 0, "event": "canonical_document_built", "user_id": "anonymous", "request_id": "8ca40e66-02e7-4da0-bf4a-a7e633745a19", "trace_id": "8ca40e66-02e7-4da0-bf4a-a7e633745a19", "timestamp": "2026-08-17T04:51:50.254504Z", "level": "info"}
{"document_id": "a06aaceb-6b0a-4d2f-9d06-2910eed27e5c", "fields": 10, "low_confidence": 0, "event": "metadata_extraction_completed", "user_id": "anonymous", "request_id": "8ca40e66-02e7-4da0-bf4a-a7e633745a19", "trace_id": "8ca40e66-02e7-4da0-bf4a-a7e633745a19", "timestamp": "2026-08-17T04:51:50.297047Z", "level": "info"}
{"document_id": "a06aaceb-6b0a-4d2f-9d06-2910eed27e5c", "entities": 4, "facts": 3, "line_items": 0, "event": "extraction_completed", "user_id": "anonymous", "request_id": "8ca40e66-02e7-4da0-bf4a-a7e633745a19", "trace_id": "8ca40e66-02e7-4da0-bf4a-a7e633745a19", "timestamp": "2026-08-17T04:51:50.332777Z", "level": "info"}
{"document_id": "a06aaceb-6b0a-4d2f-9d06-2910eed27e5c", "risk_score": 0.0, "risk_level": "low", "triggered": 0, "failed": 0, "event": "rule_evaluation_completed", "user_id": "anonymous", "request_id": "8ca40e66-02e7-4da0-bf4a-a7e633745a19", "trace_id": "8ca40e66-02e7-4da0-bf4a-a7e633745a19", "timestamp": "2026-08-17T04:51:50.374502Z", "level": "info"}
{"document_id": "a06aaceb-6b0a-4d2f-9d06-2910eed27e5c", "chunker": "generic_chunker", "chunks": 1, "event": "chunking_completed", "user_id": "anonymous", "request_id": "8ca40e66-02e7-4da0-bf4a-a7e633745a19", "trace_id": "8ca40e66-02e7-4da0-bf4a-a7e633745a19", "timestamp": "2026-08-17T04:51:50.408294Z", "level": "info"}
{"document_id": "a06aaceb-6b0a-4d2f-9d06-2910eed27e5c", "count": 1, "failed": 0, "event": "embedding_completed", "user_id": "anonymous", "request_id": "8ca40e66-02e7-4da0-bf4a-a7e633745a19", "trace_id": "8ca40e66-02e7-4da0-bf4a-a7e633745a19", "timestamp": "2026-08-17T04:51:50.438091Z", "level": "info"}
{"document_id": "a06aaceb-6b0a-4d2f-9d06-2910eed27e5c", "indexed": 1, "failed": 0, "event": "document_indexed", "user_id": "anonymous", "request_id": "8ca40e66-02e7-4da0-bf4a-a7e633745a19", "trace_id": "8ca40e66-02e7-4da0-bf4a-a7e633745a19", "timestamp": "2026-08-17T04:51:50.455413Z", "level": "info"}
{"document_id": "a06aaceb-6b0a-4d2f-9d06-2910eed27e5c", "event": "ingestion_pipeline_completed", "user_id": "anonymous", "request_id": "8ca40e66-02e7-4da0-bf4a-a7e633745a19", "trace_id": "8ca40e66-02e7-4da0-bf4a-a7e633745a19", "timestamp": "2026-08-17T04:51:50.458387Z", "level": "info"}
{"path": "/api/v1/documents/upload", "method": "POST", "status": 200, "duration_ms": 307.462900003884, "request_id": "8ca40e66-02e7-4da0-bf4a-a7e633745a19", "event": "request", "timestamp": "2026-08-17T04:51:50.459012Z", "level": "info"}
HTTP Request: POST http://test/api/v1/documents/upload "HTTP/1.1 200 OK"
{"path": "/api/v1/documents/a06aaceb-6b0a-4d2f-9d06-2910eed27e5c", "method": "GET", "status": 200, "duration_ms": 10.545900004217401, "request_id": "9cea1bfd-f888-4aae-9a9d-b6a9bc5f8b0e", "event": "request", "timestamp": "2026-08-17T04:51:50.473249Z", "level": "info"}
HTTP Request: GET http://test/api/v1/documents/a06aaceb-6b0a-4d2f-9d06-2910eed27e5c "HTTP/1.1 200 OK"
{"path": "/api/v1/auth/login", "method": "POST", "status": 200, "duration_ms": 95.28420001151972, "request_id": "f6ac6dc8-e27f-412c-bee4-213bb7aab5db", "event": "request", "timestamp": "2026-08-17T04:51:50.810305Z", "level": "info"}
HTTP Request: POST http://test/api/v1/auth/login "HTTP/1.1 200 OK"
BEGIN (implicit)
SELECT error_events.exception_type, error_events.message, error_events.category, error_events.service, error_events.endpoint, error_events.request_id, error_events.trace_id, error_events.user_id, error_events.stack_trace, error_events.fingerprint, error_events.occurrence_count, error_events.id, error_events.created_at, error_events.updated_at 
FROM error_events 
WHERE error_events.fingerprint = ?
[cached since 10.72s ago] ('d00f043c3c5ef7e6',)
ROLLBACK
{"original_error": "Document nonexistent-id not found", "tracking_error": "(sqlite3.OperationalError) no such table: error_events\n[SQL: SELECT error_events.exception_type, error_events.message, error_events.category, error_events.service, error_events.endpoint, error_events.request_id, error_events.trace_id, error_events.user_id, error_events.stack_trace, error_events.fingerprint, error_events.occurrence_count, error_events.id, error_events.created_at, error_events.updated_at \nFROM error_events \nWHERE error_events.fingerprint = ?]\n[parameters: ('d00f043c3c5ef7e6',)]\n(Background on this error at: https://sqlalche.me/e/20/e3q8)", "event": "error_tracking_failed", "user_id": "anonymous", "request_id": "1137179e-5b76-4f0d-835e-4a6825e3f855", "trace_id": "1137179e-5b76-4f0d-835e-4a6825e3f855", "timestamp": "2026-08-17T04:51:50.847139Z", "level": "error"}
{"path": "/api/v1/documents/nonexistent-id", "method": "GET", "status": 404, "duration_ms": 31.0233999916818, "request_id": "1137179e-5b76-4f0d-835e-4a6825e3f855", "event": "request", "timestamp": "2026-08-17T04:51:50.848210Z", "level": "info"}
HTTP Request: GET http://test/api/v1/documents/nonexistent-id "HTTP/1.1 404 Not Found"
{"path": "/api/v1/auth/login", "method": "POST", "status": 200, "duration_ms": 109.0740000072401, "request_id": "98ffbb1d-bca7-43e9-934c-1b54df64974d", "event": "request", "timestamp": "2026-08-17T04:51:51.279035Z", "level": "info"}
HTTP Request: POST http://test/api/v1/auth/login "HTTP/1.1 200 OK"
{"document_id": "7a266094-c36a-4367-b5a2-05f59bc0724e", "type": "unknown", "confidence": 0.3, "status": "needs_review", "event": "classification_completed", "user_id": "anonymous", "request_id": "5e8f8154-0c85-4f47-882a-4998b46ad481", "trace_id": "5e8f8154-0c85-4f47-882a-4998b46ad481", "timestamp": "2026-08-17T04:51:51.333461Z", "level": "info"}
{"document_id": "7a266094-c36a-4367-b5a2-05f59bc0724e", "parser": "text_parser", "ocr": false, "event": "parsing_completed", "user_id": "anonymous", "request_id": "5e8f8154-0c85-4f47-882a-4998b46ad481", "trace_id": "5e8f8154-0c85-4f47-882a-4998b46ad481", "timestamp": "2026-08-17T04:51:51.349171Z", "level": "info"}
{"document_id": "7a266094-c36a-4367-b5a2-05f59bc0724e", "valid": true, "issue_count": 0, "event": "canonical_document_built", "user_id": "anonymous", "request_id": "5e8f8154-0c85-4f47-882a-4998b46ad481", "trace_id": "5e8f8154-0c85-4f47-882a-4998b46ad481", "timestamp": "2026-08-17T04:51:51.369937Z", "level": "info"}
{"document_id": "7a266094-c36a-4367-b5a2-05f59bc0724e", "fields": 10, "low_confidence": 0, "event": "metadata_extraction_completed", "user_id": "anonymous", "request_id": "5e8f8154-0c85-4f47-882a-4998b46ad481", "trace_id": "5e8f8154-0c85-4f47-882a-4998b46ad481", "timestamp": "2026-08-17T04:51:51.408163Z", "level": "info"}
{"document_id": "7a266094-c36a-4367-b5a2-05f59bc0724e", "entities": 4, "facts": 3, "line_items": 0, "event": "extraction_completed", "user_id": "anonymous", "request_id": "5e8f8154-0c85-4f47-882a-4998b46ad481", "trace_id": "5e8f8154-0c85-4f47-882a-4998b46ad481", "timestamp": "2026-08-17T04:51:51.441454Z", "level": "info"}
{"document_id": "7a266094-c36a-4367-b5a2-05f59bc0724e", "risk_score": 0.0, "risk_level": "low", "triggered": 0, "failed": 0, "event": "rule_evaluation_completed", "user_id": "anonymous", "request_id": "5e8f8154-0c85-4f47-882a-4998b46ad481", "trace_id": "5e8f8154-0c85-4f47-882a-4998b46ad481", "timestamp": "2026-08-17T04:51:51.472390Z", "level": "info"}
{"document_id": "7a266094-c36a-4367-b5a2-05f59bc0724e", "chunker": "generic_chunker", "chunks": 1, "event": "chunking_completed", "user_id": "anonymous", "request_id": "5e8f8154-0c85-4f47-882a-4998b46ad481", "trace_id": "5e8f8154-0c85-4f47-882a-4998b46ad481", "timestamp": "2026-08-17T04:51:51.493539Z", "level": "info"}
{"document_id": "7a266094-c36a-4367-b5a2-05f59bc0724e", "count": 1, "failed": 0, "event": "embedding_completed", "user_id": "anonymous", "request_id": "5e8f8154-0c85-4f47-882a-4998b46ad481", "trace_id": "5e8f8154-0c85-4f47-882a-4998b46ad481", "timestamp": "2026-08-17T04:51:51.512693Z", "level": "info"}
{"document_id": "7a266094-c36a-4367-b5a2-05f59bc0724e", "indexed": 1, "failed": 0, "event": "document_indexed", "user_id": "anonymous", "request_id": "5e8f8154-0c85-4f47-882a-4998b46ad481", "trace_id": "5e8f8154-0c85-4f47-882a-4998b46ad481", "timestamp": "2026-08-17T04:51:51.525130Z", "level": "info"}
{"document_id": "7a266094-c36a-4367-b5a2-05f59bc0724e", "event": "ingestion_pipeline_completed", "user_id": "anonymous", "request_id": "5e8f8154-0c85-4f47-882a-4998b46ad481", "trace_id": "5e8f8154-0c85-4f47-882a-4998b46ad481", "timestamp": "2026-08-17T04:51:51.527191Z", "level": "info"}
{"path": "/api/v1/documents/upload", "method": "POST", "status": 200, "duration_ms": 243.03220000001602, "request_id": "5e8f8154-0c85-4f47-882a-4998b46ad481", "event": "request", "timestamp": "2026-08-17T04:51:51.527862Z", "level": "info"}
HTTP Request: POST http://test/api/v1/documents/upload "HTTP/1.1 200 OK"
{"path": "/api/v1/documents/7a266094-c36a-4367-b5a2-05f59bc0724e", "method": "DELETE", "status": 200, "duration_ms": 15.308600006392226, "request_id": "ca803b42-ece9-4dd4-8ff5-c8b5cf740d87", "event": "request", "timestamp": "2026-08-17T04:51:51.547172Z", "level": "info"}
HTTP Request: DELETE http://test/api/v1/documents/7a266094-c36a-4367-b5a2-05f59bc0724e "HTTP/1.1 200 OK"
BEGIN (implicit)
SELECT error_events.exception_type, error_events.message, error_events.category, error_events.service, error_events.endpoint, error_events.request_id, error_events.trace_id, error_events.user_id, error_events.stack_trace, error_events.fingerprint, error_events.occurrence_count, error_events.id, error_events.created_at, error_events.updated_at 
FROM error_events 
WHERE error_events.fingerprint = ?
[cached since 11.44s ago] ('7f7803f4b03d2bb9',)
ROLLBACK
{"original_error": "Document 7a266094-c36a-4367-b5a2-05f59bc0724e not found", "tracking_error": "(sqlite3.OperationalError) no such table: error_events\n[SQL: SELECT error_events.exception_type, error_events.message, error_events.category, error_events.service, error_events.endpoint, error_events.request_id, error_events.trace_id, error_events.user_id, error_events.stack_trace, error_events.fingerprint, error_events.occurrence_count, error_events.id, error_events.created_at, error_events.updated_at \nFROM error_events \nWHERE error_events.fingerprint = ?]\n[parameters: ('7f7803f4b03d2bb9',)]\n(Background on this error at: https://sqlalche.me/e/20/e3q8)", "event": "error_tracking_failed", "user_id": "anonymous", "request_id": "81725b11-ff54-4a0d-aafe-e3bc36db3510", "trace_id": "81725b11-ff54-4a0d-aafe-e3bc36db3510", "timestamp": "2026-08-17T04:51:51.559003Z", "level": "error"}
{"path": "/api/v1/documents/7a266094-c36a-4367-b5a2-05f59bc0724e", "method": "GET", "status": 404, "duration_ms": 9.383600001456216, "request_id": "81725b11-ff54-4a0d-aafe-e3bc36db3510", "event": "request", "timestamp": "2026-08-17T04:51:51.559417Z", "level": "info"}
HTTP Request: GET http://test/api/v1/documents/7a266094-c36a-4367-b5a2-05f59bc0724e "HTTP/1.1 404 Not Found"
{"path": "/api/v1/auth/login", "method": "POST", "status": 200, "duration_ms": 85.31819999916479, "request_id": "d0c6b636-b282-465c-a7c9-b0db9534a37c", "event": "request", "timestamp": "2026-08-17T04:51:51.891234Z", "level": "info"}
HTTP Request: POST http://test/api/v1/auth/login "HTTP/1.1 200 OK"
{"document_id": "2ed7c416-92d2-401a-bf3f-08c14c3598f8", "type": "invoice", "confidence": 0.75, "status": "completed", "event": "classification_completed", "user_id": "anonymous", "request_id": "0101a8af-94ea-4ac4-a3f4-120b67c4a647", "trace_id": "0101a8af-94ea-4ac4-a3f4-120b67c4a647", "timestamp": "2026-08-17T04:51:51.934312Z", "level": "info"}
{"document_id": "2ed7c416-92d2-401a-bf3f-08c14c3598f8", "parser": "text_parser", "ocr": false, "event": "parsing_completed", "user_id": "anonymous", "request_id": "0101a8af-94ea-4ac4-a3f4-120b67c4a647", "trace_id": "0101a8af-94ea-4ac4-a3f4-120b67c4a647", "timestamp": "2026-08-17T04:51:51.942245Z", "level": "info"}
{"document_id": "2ed7c416-92d2-401a-bf3f-08c14c3598f8", "valid": true, "issue_count": 0, "event": "canonical_document_built", "user_id": "anonymous", "request_id": "0101a8af-94ea-4ac4-a3f4-120b67c4a647", "trace_id": "0101a8af-94ea-4ac4-a3f4-120b67c4a647", "timestamp": "2026-08-17T04:51:51.956130Z", "level": "info"}
{"document_id": "2ed7c416-92d2-401a-bf3f-08c14c3598f8", "fields": 10, "low_confidence": 0, "event": "metadata_extraction_completed", "user_id": "anonymous", "request_id": "0101a8af-94ea-4ac4-a3f4-120b67c4a647", "trace_id": "0101a8af-94ea-4ac4-a3f4-120b67c4a647", "timestamp": "2026-08-17T04:51:51.987026Z", "level": "info"}
{"document_id": "2ed7c416-92d2-401a-bf3f-08c14c3598f8", "entities": 4, "facts": 3, "line_items": 0, "event": "extraction_completed", "user_id": "anonymous", "request_id": "0101a8af-94ea-4ac4-a3f4-120b67c4a647", "trace_id": "0101a8af-94ea-4ac4-a3f4-120b67c4a647", "timestamp": "2026-08-17T04:51:52.040770Z", "level": "info"}
{"document_id": "2ed7c416-92d2-401a-bf3f-08c14c3598f8", "risk_score": 0.0, "risk_level": "low", "triggered": 0, "failed": 0, "event": "rule_evaluation_completed", "user_id": "anonymous", "request_id": "0101a8af-94ea-4ac4-a3f4-120b67c4a647", "trace_id": "0101a8af-94ea-4ac4-a3f4-120b67c4a647", "timestamp": "2026-08-17T04:51:52.092788Z", "level": "info"}
{"document_id": "2ed7c416-92d2-401a-bf3f-08c14c3598f8", "chunker": "invoice_chunker", "chunks": 5, "event": "chunking_completed", "user_id": "anonymous", "request_id": "0101a8af-94ea-4ac4-a3f4-120b67c4a647", "trace_id": "0101a8af-94ea-4ac4-a3f4-120b67c4a647", "timestamp": "2026-08-17T04:51:52.126343Z", "level": "info"}
{"document_id": "2ed7c416-92d2-401a-bf3f-08c14c3598f8", "count": 5, "failed": 0, "event": "embedding_completed", "user_id": "anonymous", "request_id": "0101a8af-94ea-4ac4-a3f4-120b67c4a647", "trace_id": "0101a8af-94ea-4ac4-a3f4-120b67c4a647", "timestamp": "2026-08-17T04:51:52.157458Z", "level": "info"}
{"document_id": "2ed7c416-92d2-401a-bf3f-08c14c3598f8", "indexed": 5, "failed": 0, "event": "document_indexed", "user_id": "anonymous", "request_id": "0101a8af-94ea-4ac4-a3f4-120b67c4a647", "trace_id": "0101a8af-94ea-4ac4-a3f4-120b67c4a647", "timestamp": "2026-08-17T04:51:52.198592Z", "level": "info"}
{"document_id": "2ed7c416-92d2-401a-bf3f-08c14c3598f8", "event": "ingestion_pipeline_completed", "user_id": "anonymous", "request_id": "0101a8af-94ea-4ac4-a3f4-120b67c4a647", "trace_id": "0101a8af-94ea-4ac4-a3f4-120b67c4a647", "timestamp": "2026-08-17T04:51:52.201172Z", "level": "info"}
{"path": "/api/v1/documents/upload", "method": "POST", "status": 200, "duration_ms": 306.38699998962693, "request_id": "0101a8af-94ea-4ac4-a3f4-120b67c4a647", "event": "request", "timestamp": "2026-08-17T04:51:52.201963Z", "level": "info"}
HTTP Request: POST http://test/api/v1/documents/upload "HTTP/1.1 200 OK"
{"document_id": "2ed7c416-92d2-401a-bf3f-08c14c3598f8", "type": "invoice", "confidence": 0.75, "status": "completed", "event": "classification_completed", "user_id": "anonymous", "request_id": "65465b1d-f4c4-46cc-adfb-c8412e3edc1b", "trace_id": "65465b1d-f4c4-46cc-adfb-c8412e3edc1b", "timestamp": "2026-08-17T04:51:52.232445Z", "level": "info"}
{"path": "/api/v1/classification/2ed7c416-92d2-401a-bf3f-08c14c3598f8/classify", "method": "POST", "status": 200, "duration_ms": 20.229200017638505, "request_id": "65465b1d-f4c4-46cc-adfb-c8412e3edc1b", "event": "request", "timestamp": "2026-08-17T04:51:52.235495Z", "level": "info"}
HTTP Request: POST http://test/api/v1/classification/2ed7c416-92d2-401a-bf3f-08c14c3598f8/classify "HTTP/1.1 200 OK"
{"path": "/api/v1/auth/login", "method": "POST", "status": 200, "duration_ms": 93.57669999008067, "request_id": "daa233e0-99b4-44d9-9cf4-d2ab6031b07c", "event": "request", "timestamp": "2026-08-17T04:51:52.630926Z", "level": "info"}
HTTP Request: POST http://test/api/v1/auth/login "HTTP/1.1 200 OK"
{"document_id": "74f20ae9-c76f-4755-8da9-9e626a063c32", "type": "unknown", "confidence": 0.3, "status": "needs_review", "event": "classification_completed", "user_id": "anonymous", "request_id": "f00fb44b-720e-449b-81cf-153e589bbfaf", "trace_id": "f00fb44b-720e-449b-81cf-153e589bbfaf", "timestamp": "2026-08-17T04:51:52.665785Z", "level": "info"}
{"document_id": "74f20ae9-c76f-4755-8da9-9e626a063c32", "parser": "text_parser", "ocr": false, "event": "parsing_completed", "user_id": "anonymous", "request_id": "f00fb44b-720e-449b-81cf-153e589bbfaf", "trace_id": "f00fb44b-720e-449b-81cf-153e589bbfaf", "timestamp": "2026-08-17T04:51:52.676522Z", "level": "info"}
{"document_id": "74f20ae9-c76f-4755-8da9-9e626a063c32", "valid": true, "issue_count": 0, "event": "canonical_document_built", "user_id": "anonymous", "request_id": "f00fb44b-720e-449b-81cf-153e589bbfaf", "trace_id": "f00fb44b-720e-449b-81cf-153e589bbfaf", "timestamp": "2026-08-17T04:51:52.689955Z", "level": "info"}
{"document_id": "74f20ae9-c76f-4755-8da9-9e626a063c32", "fields": 10, "low_confidence": 0, "event": "metadata_extraction_completed", "user_id": "anonymous", "request_id": "f00fb44b-720e-449b-81cf-153e589bbfaf", "trace_id": "f00fb44b-720e-449b-81cf-153e589bbfaf", "timestamp": "2026-08-17T04:51:52.712855Z", "level": "info"}
{"document_id": "74f20ae9-c76f-4755-8da9-9e626a063c32", "entities": 4, "facts": 3, "line_items": 0, "event": "extraction_completed", "user_id": "anonymous", "request_id": "f00fb44b-720e-449b-81cf-153e589bbfaf", "trace_id": "f00fb44b-720e-449b-81cf-153e589bbfaf", "timestamp": "2026-08-17T04:51:52.736678Z", "level": "info"}
{"document_id": "74f20ae9-c76f-4755-8da9-9e626a063c32", "risk_score": 0.0, "risk_level": "low", "triggered": 0, "failed": 0, "event": "rule_evaluation_completed", "user_id": "anonymous", "request_id": "f00fb44b-720e-449b-81cf-153e589bbfaf", "trace_id": "f00fb44b-720e-449b-81cf-153e589bbfaf", "timestamp": "2026-08-17T04:51:52.775070Z", "level": "info"}
{"document_id": "74f20ae9-c76f-4755-8da9-9e626a063c32", "chunker": "generic_chunker", "chunks": 1, "event": "chunking_completed", "user_id": "anonymous", "request_id": "f00fb44b-720e-449b-81cf-153e589bbfaf", "trace_id": "f00fb44b-720e-449b-81cf-153e589bbfaf", "timestamp": "2026-08-17T04:51:52.804642Z", "level": "info"}
{"document_id": "74f20ae9-c76f-4755-8da9-9e626a063c32", "count": 1, "failed": 0, "event": "embedding_completed", "user_id": "anonymous", "request_id": "f00fb44b-720e-449b-81cf-153e589bbfaf", "trace_id": "f00fb44b-720e-449b-81cf-153e589bbfaf", "timestamp": "2026-08-17T04:51:52.831168Z", "level": "info"}
{"document_id": "74f20ae9-c76f-4755-8da9-9e626a063c32", "indexed": 1, "failed": 0, "event": "document_indexed", "user_id": "anonymous", "request_id": "f00fb44b-720e-449b-81cf-153e589bbfaf", "trace_id": "f00fb44b-720e-449b-81cf-153e589bbfaf", "timestamp": "2026-08-17T04:51:52.852220Z", "level": "info"}
{"document_id": "74f20ae9-c76f-4755-8da9-9e626a063c32", "event": "ingestion_pipeline_completed", "user_id": "anonymous", "request_id": "f00fb44b-720e-449b-81cf-153e589bbfaf", "trace_id": "f00fb44b-720e-449b-81cf-153e589bbfaf", "timestamp": "2026-08-17T04:51:52.856131Z", "level": "info"}
{"path": "/api/v1/documents/upload", "method": "POST", "status": 200, "duration_ms": 223.33189999335445, "request_id": "f00fb44b-720e-449b-81cf-153e589bbfaf", "event": "request", "timestamp": "2026-08-17T04:51:52.857913Z", "level": "info"}
HTTP Request: POST http://test/api/v1/documents/upload "HTTP/1.1 200 OK"
{"document_id": "74f20ae9-c76f-4755-8da9-9e626a063c32", "type": "unknown", "confidence": 0.3, "status": "needs_review", "event": "classification_completed", "user_id": "anonymous", "request_id": "94b15421-8cf5-4786-8728-8e965ec6dc11", "trace_id": "94b15421-8cf5-4786-8728-8e965ec6dc11", "timestamp": "2026-08-17T04:51:52.889408Z", "level": "info"}
{"path": "/api/v1/classification/74f20ae9-c76f-4755-8da9-9e626a063c32/classify", "method": "POST", "status": 200, "duration_ms": 29.171600006520748, "request_id": "94b15421-8cf5-4786-8728-8e965ec6dc11", "event": "request", "timestamp": "2026-08-17T04:51:52.894040Z", "level": "info"}
HTTP Request: POST http://test/api/v1/classification/74f20ae9-c76f-4755-8da9-9e626a063c32/classify "HTTP/1.1 200 OK"
{"path": "/api/v1/auth/login", "method": "POST", "status": 200, "duration_ms": 109.22789998585358, "request_id": "c4ca6ad5-390f-4780-ad37-1cd801444dd1", "event": "request", "timestamp": "2026-08-17T04:51:53.346766Z", "level": "info"}
HTTP Request: POST http://test/api/v1/auth/login "HTTP/1.1 200 OK"
{"path": "/api/v1/auth/login", "method": "POST", "status": 200, "duration_ms": 99.05989997787401, "request_id": "19087afb-fd17-46a6-981f-8ee3ffeda845", "event": "request", "timestamp": "2026-08-17T04:51:53.532543Z", "level": "info"}
HTTP Request: POST http://test/api/v1/auth/login "HTTP/1.1 200 OK"
{"document_id": "b1f0c257-3c46-441f-8845-8ca3db89e7c8", "type": "invoice", "confidence": 0.75, "status": "completed", "event": "classification_completed", "user_id": "anonymous", "request_id": "9049a367-4af5-4c53-b2a4-1bcd5e8117cd", "trace_id": "9049a367-4af5-4c53-b2a4-1bcd5e8117cd", "timestamp": "2026-08-17T04:51:53.569989Z", "level": "info"}
{"document_id": "b1f0c257-3c46-441f-8845-8ca3db89e7c8", "parser": "text_parser", "ocr": false, "event": "parsing_completed", "user_id": "anonymous", "request_id": "9049a367-4af5-4c53-b2a4-1bcd5e8117cd", "trace_id": "9049a367-4af5-4c53-b2a4-1bcd5e8117cd", "timestamp": "2026-08-17T04:51:53.581330Z", "level": "info"}
{"document_id": "b1f0c257-3c46-441f-8845-8ca3db89e7c8", "valid": true, "issue_count": 0, "event": "canonical_document_built", "user_id": "anonymous", "request_id": "9049a367-4af5-4c53-b2a4-1bcd5e8117cd", "trace_id": "9049a367-4af5-4c53-b2a4-1bcd5e8117cd", "timestamp": "2026-08-17T04:51:53.594326Z", "level": "info"}
{"document_id": "b1f0c257-3c46-441f-8845-8ca3db89e7c8", "fields": 10, "low_confidence": 0, "event": "metadata_extraction_completed", "user_id": "anonymous", "request_id": "9049a367-4af5-4c53-b2a4-1bcd5e8117cd", "trace_id": "9049a367-4af5-4c53-b2a4-1bcd5e8117cd", "timestamp": "2026-08-17T04:51:53.614532Z", "level": "info"}
{"document_id": "b1f0c257-3c46-441f-8845-8ca3db89e7c8", "entities": 4, "facts": 3, "line_items": 0, "event": "extraction_completed", "user_id": "anonymous", "request_id": "9049a367-4af5-4c53-b2a4-1bcd5e8117cd", "trace_id": "9049a367-4af5-4c53-b2a4-1bcd5e8117cd", "timestamp": "2026-08-17T04:51:53.632157Z", "level": "info"}
{"document_id": "b1f0c257-3c46-441f-8845-8ca3db89e7c8", "risk_score": 0.0, "risk_level": "low", "triggered": 0, "failed": 0, "event": "rule_evaluation_completed", "user_id": "anonymous", "request_id": "9049a367-4af5-4c53-b2a4-1bcd5e8117cd", "trace_id": "9049a367-4af5-4c53-b2a4-1bcd5e8117cd", "timestamp": "2026-08-17T04:51:53.656014Z", "level": "info"}
{"document_id": "b1f0c257-3c46-441f-8845-8ca3db89e7c8", "chunker": "invoice_chunker", "chunks": 5, "event": "chunking_completed", "user_id": "anonymous", "request_id": "9049a367-4af5-4c53-b2a4-1bcd5e8117cd", "trace_id": "9049a367-4af5-4c53-b2a4-1bcd5e8117cd", "timestamp": "2026-08-17T04:51:53.678604Z", "level": "info"}
{"document_id": "b1f0c257-3c46-441f-8845-8ca3db89e7c8", "count": 5, "failed": 0, "event": "embedding_completed", "user_id": "anonymous", "request_id": "9049a367-4af5-4c53-b2a4-1bcd5e8117cd", "trace_id": "9049a367-4af5-4c53-b2a4-1bcd5e8117cd", "timestamp": "2026-08-17T04:51:53.696972Z", "level": "info"}
{"document_id": "b1f0c257-3c46-441f-8845-8ca3db89e7c8", "indexed": 5, "failed": 0, "event": "document_indexed", "user_id": "anonymous", "request_id": "9049a367-4af5-4c53-b2a4-1bcd5e8117cd", "trace_id": "9049a367-4af5-4c53-b2a4-1bcd5e8117cd", "timestamp": "2026-08-17T04:51:53.717504Z", "level": "info"}
{"document_id": "b1f0c257-3c46-441f-8845-8ca3db89e7c8", "event": "ingestion_pipeline_completed", "user_id": "anonymous", "request_id": "9049a367-4af5-4c53-b2a4-1bcd5e8117cd", "trace_id": "9049a367-4af5-4c53-b2a4-1bcd5e8117cd", "timestamp": "2026-08-17T04:51:53.720432Z", "level": "info"}
{"path": "/api/v1/documents/upload", "method": "POST", "status": 200, "duration_ms": 185.328199993819, "request_id": "9049a367-4af5-4c53-b2a4-1bcd5e8117cd", "event": "request", "timestamp": "2026-08-17T04:51:53.721218Z", "level": "info"}
HTTP Request: POST http://test/api/v1/documents/upload "HTTP/1.1 200 OK"
{"document_id": "b1f0c257-3c46-441f-8845-8ca3db89e7c8", "type": "invoice", "confidence": 0.75, "status": "completed", "event": "classification_completed", "user_id": "anonymous", "request_id": "cb11d293-1028-4aeb-8eb5-326ca00c54cd", "trace_id": "cb11d293-1028-4aeb-8eb5-326ca00c54cd", "timestamp": "2026-08-17T04:51:53.742809Z", "level": "info"}
{"path": "/api/v1/classification/b1f0c257-3c46-441f-8845-8ca3db89e7c8/classify", "method": "POST", "status": 200, "duration_ms": 20.575900009134784, "request_id": "cb11d293-1028-4aeb-8eb5-326ca00c54cd", "event": "request", "timestamp": "2026-08-17T04:51:53.746810Z", "level": "info"}
HTTP Request: POST http://test/api/v1/classification/b1f0c257-3c46-441f-8845-8ca3db89e7c8/classify "HTTP/1.1 200 OK"
{"path": "/api/v1/classification/b1f0c257-3c46-441f-8845-8ca3db89e7c8/reclassify", "method": "POST", "status": 200, "duration_ms": 17.052799987141043, "request_id": "3485633c-e0df-489e-a478-fbad632d68a8", "event": "request", "timestamp": "2026-08-17T04:51:53.767626Z", "level": "info"}
HTTP Request: POST http://test/api/v1/classification/b1f0c257-3c46-441f-8845-8ca3db89e7c8/reclassify "HTTP/1.1 200 OK"
{"path": "/api/v1/auth/login", "method": "POST", "status": 200, "duration_ms": 98.38989999843761, "request_id": "9f32cadd-2fc1-4a52-bb59-6d376af75af1", "event": "request", "timestamp": "2026-08-17T04:51:54.145349Z", "level": "info"}
HTTP Request: POST http://test/api/v1/auth/login "HTTP/1.1 200 OK"
{"path": "/api/v1/auth/login", "method": "POST", "status": 200, "duration_ms": 96.01929999189451, "request_id": "383bcd39-13d9-4b11-95be-27f93d0451ef", "event": "request", "timestamp": "2026-08-17T04:51:54.341861Z", "level": "info"}
HTTP Request: POST http://test/api/v1/auth/login "HTTP/1.1 200 OK"
{"document_id": "e9c12755-179b-47c7-8130-ef1af7c1cdaf", "type": "invoice", "confidence": 0.75, "status": "completed", "event": "classification_completed", "user_id": "anonymous", "request_id": "c8d09368-0af8-472c-9ce2-755f789cee31", "trace_id": "c8d09368-0af8-472c-9ce2-755f789cee31", "timestamp": "2026-08-17T04:51:54.400605Z", "level": "info"}
{"document_id": "e9c12755-179b-47c7-8130-ef1af7c1cdaf", "parser": "text_parser", "ocr": false, "event": "parsing_completed", "user_id": "anonymous", "request_id": "c8d09368-0af8-472c-9ce2-755f789cee31", "trace_id": "c8d09368-0af8-472c-9ce2-755f789cee31", "timestamp": "2026-08-17T04:51:54.419961Z", "level": "info"}
{"document_id": "e9c12755-179b-47c7-8130-ef1af7c1cdaf", "valid": true, "issue_count": 0, "event": "canonical_document_built", "user_id": "anonymous", "request_id": "c8d09368-0af8-472c-9ce2-755f789cee31", "trace_id": "c8d09368-0af8-472c-9ce2-755f789cee31", "timestamp": "2026-08-17T04:51:54.439787Z", "level": "info"}
{"document_id": "e9c12755-179b-47c7-8130-ef1af7c1cdaf", "fields": 10, "low_confidence": 0, "event": "metadata_extraction_completed", "user_id": "anonymous", "request_id": "c8d09368-0af8-472c-9ce2-755f789cee31", "trace_id": "c8d09368-0af8-472c-9ce2-755f789cee31", "timestamp": "2026-08-17T04:51:54.480952Z", "level": "info"}
{"document_id": "e9c12755-179b-47c7-8130-ef1af7c1cdaf", "entities": 4, "facts": 3, "line_items": 0, "event": "extraction_completed", "user_id": "anonymous", "request_id": "c8d09368-0af8-472c-9ce2-755f789cee31", "trace_id": "c8d09368-0af8-472c-9ce2-755f789cee31", "timestamp": "2026-08-17T04:51:54.518803Z", "level": "info"}
{"document_id": "e9c12755-179b-47c7-8130-ef1af7c1cdaf", "risk_score": 0.0, "risk_level": "low", "triggered": 0, "failed": 0, "event": "rule_evaluation_completed", "user_id": "anonymous", "request_id": "c8d09368-0af8-472c-9ce2-755f789cee31", "trace_id": "c8d09368-0af8-472c-9ce2-755f789cee31", "timestamp": "2026-08-17T04:51:54.555211Z", "level": "info"}
{"document_id": "e9c12755-179b-47c7-8130-ef1af7c1cdaf", "chunker": "invoice_chunker", "chunks": 5, "event": "chunking_completed", "user_id": "anonymous", "request_id": "c8d09368-0af8-472c-9ce2-755f789cee31", "trace_id": "c8d09368-0af8-472c-9ce2-755f789cee31", "timestamp": "2026-08-17T04:51:54.591713Z", "level": "info"}
{"document_id": "e9c12755-179b-47c7-8130-ef1af7c1cdaf", "count": 5, "failed": 0, "event": "embedding_completed", "user_id": "anonymous", "request_id": "c8d09368-0af8-472c-9ce2-755f789cee31", "trace_id": "c8d09368-0af8-472c-9ce2-755f789cee31", "timestamp": "2026-08-17T04:51:54.622114Z", "level": "info"}
{"document_id": "e9c12755-179b-47c7-8130-ef1af7c1cdaf", "indexed": 5, "failed": 0, "event": "document_indexed", "user_id": "anonymous", "request_id": "c8d09368-0af8-472c-9ce2-755f789cee31", "trace_id": "c8d09368-0af8-472c-9ce2-755f789cee31", "timestamp": "2026-08-17T04:51:54.655076Z", "level": "info"}
{"document_id": "e9c12755-179b-47c7-8130-ef1af7c1cdaf", "event": "ingestion_pipeline_completed", "user_id": "anonymous", "request_id": "c8d09368-0af8-472c-9ce2-755f789cee31", "trace_id": "c8d09368-0af8-472c-9ce2-755f789cee31", "timestamp": "2026-08-17T04:51:54.659850Z", "level": "info"}
{"path": "/api/v1/documents/upload", "method": "POST", "status": 200, "duration_ms": 313.73100000200793, "request_id": "c8d09368-0af8-472c-9ce2-755f789cee31", "event": "request", "timestamp": "2026-08-17T04:51:54.661135Z", "level": "info"}
HTTP Request: POST http://test/api/v1/documents/upload "HTTP/1.1 200 OK"
BEGIN (implicit)
SELECT error_events.exception_type, error_events.message, error_events.category, error_events.service, error_events.endpoint, error_events.request_id, error_events.trace_id, error_events.user_id, error_events.stack_trace, error_events.fingerprint, error_events.occurrence_count, error_events.id, error_events.created_at, error_events.updated_at 
FROM error_events 
WHERE error_events.fingerprint = ?
[cached since 14.56s ago] ('f8fab05e035121cb',)
ROLLBACK
{"original_error": "Unknown document type: not_a_real_type", "tracking_error": "(sqlite3.OperationalError) no such table: error_events\n[SQL: SELECT error_events.exception_type, error_events.message, error_events.category, error_events.service, error_events.endpoint, error_events.request_id, error_events.trace_id, error_events.user_id, error_events.stack_trace, error_events.fingerprint, error_events.occurrence_count, error_events.id, error_events.created_at, error_events.updated_at \nFROM error_events \nWHERE error_events.fingerprint = ?]\n[parameters: ('f8fab05e035121cb',)]\n(Background on this error at: https://sqlalche.me/e/20/e3q8)", "event": "error_tracking_failed", "user_id": "anonymous", "request_id": "fe2cdb5b-80e9-40af-98be-33f9e74278ab", "trace_id": "fe2cdb5b-80e9-40af-98be-33f9e74278ab", "timestamp": "2026-08-17T04:51:54.683708Z", "level": "error"}
{"path": "/api/v1/classification/e9c12755-179b-47c7-8130-ef1af7c1cdaf/reclassify", "method": "POST", "status": 422, "duration_ms": 16.698300023563206, "request_id": "fe2cdb5b-80e9-40af-98be-33f9e74278ab", "event": "request", "timestamp": "2026-08-17T04:51:54.684362Z", "level": "info"}
HTTP Request: POST http://test/api/v1/classification/e9c12755-179b-47c7-8130-ef1af7c1cdaf/reclassify "HTTP/1.1 422 Unprocessable Entity"
{"path": "/api/v1/auth/login", "method": "POST", "status": 200, "duration_ms": 89.69200000865385, "request_id": "9d6fa1f2-d481-4013-b573-52742e7b8950", "event": "request", "timestamp": "2026-08-17T04:51:54.992798Z", "level": "info"}
HTTP Request: POST http://test/api/v1/auth/login "HTTP/1.1 200 OK"
{"path": "/api/v1/classification/types/supported", "method": "GET", "status": 200, "duration_ms": 6.699899997329339, "request_id": "61931e82-33b6-4825-a747-666eba50dd11", "event": "request", "timestamp": "2026-08-17T04:51:55.003249Z", "level": "info"}
HTTP Request: GET http://test/api/v1/classification/types/supported "HTTP/1.1 200 OK"
{"path": "/api/v1/auth/login", "method": "POST", "status": 200, "duration_ms": 86.67399999103509, "request_id": "a6df7ef8-cb25-4490-b68a-c79a7b5de779", "event": "request", "timestamp": "2026-08-17T04:51:55.462478Z", "level": "info"}
HTTP Request: POST http://test/api/v1/auth/login "HTTP/1.1 200 OK"
{"path": "/api/v1/auth/login", "method": "POST", "status": 200, "duration_ms": 75.67729998845607, "request_id": "bca00cb4-546a-4dae-8d19-4bd56142aa4b", "event": "request", "timestamp": "2026-08-17T04:51:55.613741Z", "level": "info"}
HTTP Request: POST http://test/api/v1/auth/login "HTTP/1.1 200 OK"
{"document_id": "3767bedc-d390-4cc5-883c-3d60dec4a052", "type": "invoice", "confidence": 0.75, "status": "completed", "event": "classification_completed", "user_id": "anonymous", "request_id": "9b02d9a0-9ecd-44e5-832a-79d087762e05", "trace_id": "9b02d9a0-9ecd-44e5-832a-79d087762e05", "timestamp": "2026-08-17T04:51:55.642132Z", "level": "info"}
{"document_id": "3767bedc-d390-4cc5-883c-3d60dec4a052", "parser": "text_parser", "ocr": false, "event": "parsing_completed", "user_id": "anonymous", "request_id": "9b02d9a0-9ecd-44e5-832a-79d087762e05", "trace_id": "9b02d9a0-9ecd-44e5-832a-79d087762e05", "timestamp": "2026-08-17T04:51:55.649857Z", "level": "info"}
{"document_id": "3767bedc-d390-4cc5-883c-3d60dec4a052", "valid": true, "issue_count": 0, "event": "canonical_document_built", "user_id": "anonymous", "request_id": "9b02d9a0-9ecd-44e5-832a-79d087762e05", "trace_id": "9b02d9a0-9ecd-44e5-832a-79d087762e05", "timestamp": "2026-08-17T04:51:55.659311Z", "level": "info"}
{"document_id": "3767bedc-d390-4cc5-883c-3d60dec4a052", "fields": 10, "low_confidence": 0, "event": "metadata_extraction_completed", "user_id": "anonymous", "request_id": "9b02d9a0-9ecd-44e5-832a-79d087762e05", "trace_id": "9b02d9a0-9ecd-44e5-832a-79d087762e05", "timestamp": "2026-08-17T04:51:55.679571Z", "level": "info"}
{"document_id": "3767bedc-d390-4cc5-883c-3d60dec4a052", "entities": 4, "facts": 3, "line_items": 0, "event": "extraction_completed", "user_id": "anonymous", "request_id": "9b02d9a0-9ecd-44e5-832a-79d087762e05", "trace_id": "9b02d9a0-9ecd-44e5-832a-79d087762e05", "timestamp": "2026-08-17T04:51:55.700770Z", "level": "info"}
{"document_id": "3767bedc-d390-4cc5-883c-3d60dec4a052", "risk_score": 0.0, "risk_level": "low", "triggered": 0, "failed": 0, "event": "rule_evaluation_completed", "user_id": "anonymous", "request_id": "9b02d9a0-9ecd-44e5-832a-79d087762e05", "trace_id": "9b02d9a0-9ecd-44e5-832a-79d087762e05", "timestamp": "2026-08-17T04:51:55.726262Z", "level": "info"}
{"document_id": "3767bedc-d390-4cc5-883c-3d60dec4a052", "chunker": "invoice_chunker", "chunks": 5, "event": "chunking_completed", "user_id": "anonymous", "request_id": "9b02d9a0-9ecd-44e5-832a-79d087762e05", "trace_id": "9b02d9a0-9ecd-44e5-832a-79d087762e05", "timestamp": "2026-08-17T04:51:55.746206Z", "level": "info"}
{"document_id": "3767bedc-d390-4cc5-883c-3d60dec4a052", "count": 5, "failed": 0, "event": "embedding_completed", "user_id": "anonymous", "request_id": "9b02d9a0-9ecd-44e5-832a-79d087762e05", "trace_id": "9b02d9a0-9ecd-44e5-832a-79d087762e05", "timestamp": "2026-08-17T04:51:55.763892Z", "level": "info"}
{"document_id": "3767bedc-d390-4cc5-883c-3d60dec4a052", "indexed": 5, "failed": 0, "event": "document_indexed", "user_id": "anonymous", "request_id": "9b02d9a0-9ecd-44e5-832a-79d087762e05", "trace_id": "9b02d9a0-9ecd-44e5-832a-79d087762e05", "timestamp": "2026-08-17T04:51:55.783430Z", "level": "info"}
{"document_id": "3767bedc-d390-4cc5-883c-3d60dec4a052", "event": "ingestion_pipeline_completed", "user_id": "anonymous", "request_id": "9b02d9a0-9ecd-44e5-832a-79d087762e05", "trace_id": "9b02d9a0-9ecd-44e5-832a-79d087762e05", "timestamp": "2026-08-17T04:51:55.785245Z", "level": "info"}
{"path": "/api/v1/documents/upload", "method": "POST", "status": 200, "duration_ms": 169.007699994836, "request_id": "9b02d9a0-9ecd-44e5-832a-79d087762e05", "event": "request", "timestamp": "2026-08-17T04:51:55.785758Z", "level": "info"}
HTTP Request: POST http://test/api/v1/documents/upload "HTTP/1.1 200 OK"
{"document_id": "3767bedc-d390-4cc5-883c-3d60dec4a052", "type": "invoice", "confidence": 0.75, "status": "completed", "event": "classification_completed", "user_id": "anonymous", "request_id": "81966512-b15d-495a-a39a-58b850efaa28", "trace_id": "81966512-b15d-495a-a39a-58b850efaa28", "timestamp": "2026-08-17T04:51:55.801644Z", "level": "info"}
{"path": "/api/v1/classification/3767bedc-d390-4cc5-883c-3d60dec4a052/classify", "method": "POST", "status": 200, "duration_ms": 14.45739998598583, "request_id": "81966512-b15d-495a-a39a-58b850efaa28", "event": "request", "timestamp": "2026-08-17T04:51:55.803381Z", "level": "info"}
HTTP Request: POST http://test/api/v1/classification/3767bedc-d390-4cc5-883c-3d60dec4a052/classify "HTTP/1.1 200 OK"
{"path": "/api/v1/classification/3767bedc-d390-4cc5-883c-3d60dec4a052/reclassify", "method": "POST", "status": 200, "duration_ms": 12.832799984607846, "request_id": "01ab2625-ae53-4bd2-9be0-a6fbf703f6b3", "event": "request", "timestamp": "2026-08-17T04:51:55.818706Z", "level": "info"}
HTTP Request: POST http://test/api/v1/classification/3767bedc-d390-4cc5-883c-3d60dec4a052/reclassify "HTTP/1.1 200 OK"
{"path": "/api/v1/classification/3767bedc-d390-4cc5-883c-3d60dec4a052/history", "method": "GET", "status": 200, "duration_ms": 8.403799991356209, "request_id": "0584b0c8-1741-4d90-96ef-ed26c11c4310", "event": "request", "timestamp": "2026-08-17T04:51:55.829562Z", "level": "info"}
HTTP Request: GET http://test/api/v1/classification/3767bedc-d390-4cc5-883c-3d60dec4a052/history "HTTP/1.1 200 OK"
{"path": "/api/v1/auth/login", "method": "POST", "status": 200, "duration_ms": 108.50800000480376, "request_id": "f1212e96-a4cd-4735-a069-ad26d4cce7f3", "event": "request", "timestamp": "2026-08-17T04:51:56.205498Z", "level": "info"}
HTTP Request: POST http://test/api/v1/auth/login "HTTP/1.1 200 OK"
{"document_id": "42eca913-fb47-4b92-8b65-cfc65dbb8e9f", "type": "html", "confidence": 0.65, "status": "completed", "event": "classification_completed", "user_id": "anonymous", "request_id": "af72e6b3-7eed-4a5b-8d87-e47d9d34aa5e", "trace_id": "af72e6b3-7eed-4a5b-8d87-e47d9d34aa5e", "timestamp": "2026-08-17T04:51:56.270749Z", "level": "info"}
{"document_id": "42eca913-fb47-4b92-8b65-cfc65dbb8e9f", "parser": "html_parser", "ocr": false, "event": "parsing_completed", "user_id": "anonymous", "request_id": "af72e6b3-7eed-4a5b-8d87-e47d9d34aa5e", "trace_id": "af72e6b3-7eed-4a5b-8d87-e47d9d34aa5e", "timestamp": "2026-08-17T04:51:56.303569Z", "level": "info"}
{"document_id": "42eca913-fb47-4b92-8b65-cfc65dbb8e9f", "valid": true, "issue_count": 0, "event": "canonical_document_built", "user_id": "anonymous", "request_id": "af72e6b3-7eed-4a5b-8d87-e47d9d34aa5e", "trace_id": "af72e6b3-7eed-4a5b-8d87-e47d9d34aa5e", "timestamp": "2026-08-17T04:51:56.328290Z", "level": "info"}
{"document_id": "42eca913-fb47-4b92-8b65-cfc65dbb8e9f", "fields": 5, "low_confidence": 0, "event": "metadata_extraction_completed", "user_id": "anonymous", "request_id": "af72e6b3-7eed-4a5b-8d87-e47d9d34aa5e", "trace_id": "af72e6b3-7eed-4a5b-8d87-e47d9d34aa5e", "timestamp": "2026-08-17T04:51:56.372828Z", "level": "info"}
{"document_id": "42eca913-fb47-4b92-8b65-cfc65dbb8e9f", "entities": 0, "facts": 0, "line_items": 0, "event": "extraction_completed", "user_id": "anonymous", "request_id": "af72e6b3-7eed-4a5b-8d87-e47d9d34aa5e", "trace_id": "af72e6b3-7eed-4a5b-8d87-e47d9d34aa5e", "timestamp": "2026-08-17T04:51:56.397547Z", "level": "info"}
{"document_id": "42eca913-fb47-4b92-8b65-cfc65dbb8e9f", "risk_score": 0.0, "risk_level": "low", "triggered": 0, "failed": 0, "event": "rule_evaluation_completed", "user_id": "anonymous", "request_id": "af72e6b3-7eed-4a5b-8d87-e47d9d34aa5e", "trace_id": "af72e6b3-7eed-4a5b-8d87-e47d9d34aa5e", "timestamp": "2026-08-17T04:51:56.431404Z", "level": "info"}
{"document_id": "42eca913-fb47-4b92-8b65-cfc65dbb8e9f", "chunker": "generic_chunker", "chunks": 1, "event": "chunking_completed", "user_id": "anonymous", "request_id": "af72e6b3-7eed-4a5b-8d87-e47d9d34aa5e", "trace_id": "af72e6b3-7eed-4a5b-8d87-e47d9d34aa5e", "timestamp": "2026-08-17T04:51:56.450424Z", "level": "info"}
{"document_id": "42eca913-fb47-4b92-8b65-cfc65dbb8e9f", "count": 1, "failed": 0, "event": "embedding_completed", "user_id": "anonymous", "request_id": "af72e6b3-7eed-4a5b-8d87-e47d9d34aa5e", "trace_id": "af72e6b3-7eed-4a5b-8d87-e47d9d34aa5e", "timestamp": "2026-08-17T04:51:56.479744Z", "level": "info"}
{"document_id": "42eca913-fb47-4b92-8b65-cfc65dbb8e9f", "indexed": 1, "failed": 0, "event": "document_indexed", "user_id": "anonymous", "request_id": "af72e6b3-7eed-4a5b-8d87-e47d9d34aa5e", "trace_id": "af72e6b3-7eed-4a5b-8d87-e47d9d34aa5e", "timestamp": "2026-08-17T04:51:56.495543Z", "level": "info"}
{"document_id": "42eca913-fb47-4b92-8b65-cfc65dbb8e9f", "event": "ingestion_pipeline_completed", "user_id": "anonymous", "request_id": "af72e6b3-7eed-4a5b-8d87-e47d9d34aa5e", "trace_id": "af72e6b3-7eed-4a5b-8d87-e47d9d34aa5e", "timestamp": "2026-08-17T04:51:56.497466Z", "level": "info"}
{"path": "/api/v1/documents/upload", "method": "POST", "status": 200, "duration_ms": 286.0041999956593, "request_id": "af72e6b3-7eed-4a5b-8d87-e47d9d34aa5e", "event": "request", "timestamp": "2026-08-17T04:51:56.498015Z", "level": "info"}
HTTP Request: POST http://test/api/v1/documents/upload "HTTP/1.1 200 OK"
{"document_id": "42eca913-fb47-4b92-8b65-cfc65dbb8e9f", "parser": "html_parser", "ocr": false, "event": "parsing_completed", "user_id": "anonymous", "request_id": "027d6375-5691-45da-8851-7df571834b9a", "trace_id": "027d6375-5691-45da-8851-7df571834b9a", "timestamp": "2026-08-17T04:51:56.522346Z", "level": "info"}
{"path": "/api/v1/parsing/42eca913-fb47-4b92-8b65-cfc65dbb8e9f/parse", "method": "POST", "status": 200, "duration_ms": 19.27699998486787, "request_id": "027d6375-5691-45da-8851-7df571834b9a", "event": "request", "timestamp": "2026-08-17T04:51:56.525347Z", "level": "info"}
HTTP Request: POST http://test/api/v1/parsing/42eca913-fb47-4b92-8b65-cfc65dbb8e9f/parse "HTTP/1.1 200 OK"
{"path": "/api/v1/auth/login", "method": "POST", "status": 200, "duration_ms": 94.16849998524413, "request_id": "cb3fb63c-5156-4197-ba3b-be16b58bc1e1", "event": "request", "timestamp": "2026-08-17T04:51:56.858740Z", "level": "info"}
HTTP Request: POST http://test/api/v1/auth/login "HTTP/1.1 200 OK"
{"document_id": "b44e6024-56ad-44dc-b560-a8425314531e", "type": "html", "confidence": 0.65, "status": "completed", "event": "classification_completed", "user_id": "anonymous", "request_id": "d4cf583c-0252-420b-be5e-044dcd7da8d2", "trace_id": "d4cf583c-0252-420b-be5e-044dcd7da8d2", "timestamp": "2026-08-17T04:51:56.917870Z", "level": "info"}
{"document_id": "b44e6024-56ad-44dc-b560-a8425314531e", "parser": "html_parser", "ocr": false, "event": "parsing_completed", "user_id": "anonymous", "request_id": "d4cf583c-0252-420b-be5e-044dcd7da8d2", "trace_id": "d4cf583c-0252-420b-be5e-044dcd7da8d2", "timestamp": "2026-08-17T04:51:56.934657Z", "level": "info"}
{"document_id": "b44e6024-56ad-44dc-b560-a8425314531e", "valid": true, "issue_count": 0, "event": "canonical_document_built", "user_id": "anonymous", "request_id": "d4cf583c-0252-420b-be5e-044dcd7da8d2", "trace_id": "d4cf583c-0252-420b-be5e-044dcd7da8d2", "timestamp": "2026-08-17T04:51:56.955752Z", "level": "info"}
{"document_id": "b44e6024-56ad-44dc-b560-a8425314531e", "fields": 5, "low_confidence": 0, "event": "metadata_extraction_completed", "user_id": "anonymous", "request_id": "d4cf583c-0252-420b-be5e-044dcd7da8d2", "trace_id": "d4cf583c-0252-420b-be5e-044dcd7da8d2", "timestamp": "2026-08-17T04:51:56.995926Z", "level": "info"}
{"document_id": "b44e6024-56ad-44dc-b560-a8425314531e", "entities": 0, "facts": 0, "line_items": 0, "event": "extraction_completed", "user_id": "anonymous", "request_id": "d4cf583c-0252-420b-be5e-044dcd7da8d2", "trace_id": "d4cf583c-0252-420b-be5e-044dcd7da8d2", "timestamp": "2026-08-17T04:51:57.020269Z", "level": "info"}
{"document_id": "b44e6024-56ad-44dc-b560-a8425314531e", "risk_score": 0.0, "risk_level": "low", "triggered": 0, "failed": 0, "event": "rule_evaluation_completed", "user_id": "anonymous", "request_id": "d4cf583c-0252-420b-be5e-044dcd7da8d2", "trace_id": "d4cf583c-0252-420b-be5e-044dcd7da8d2", "timestamp": "2026-08-17T04:51:57.049928Z", "level": "info"}
{"document_id": "b44e6024-56ad-44dc-b560-a8425314531e", "chunker": "generic_chunker", "chunks": 1, "event": "chunking_completed", "user_id": "anonymous", "request_id": "d4cf583c-0252-420b-be5e-044dcd7da8d2", "trace_id": "d4cf583c-0252-420b-be5e-044dcd7da8d2", "timestamp": "2026-08-17T04:51:57.063110Z", "level": "info"}
{"document_id": "b44e6024-56ad-44dc-b560-a8425314531e", "count": 1, "failed": 0, "event": "embedding_completed", "user_id": "anonymous", "request_id": "d4cf583c-0252-420b-be5e-044dcd7da8d2", "trace_id": "d4cf583c-0252-420b-be5e-044dcd7da8d2", "timestamp": "2026-08-17T04:51:57.079783Z", "level": "info"}
{"document_id": "b44e6024-56ad-44dc-b560-a8425314531e", "indexed": 1, "failed": 0, "event": "document_indexed", "user_id": "anonymous", "request_id": "d4cf583c-0252-420b-be5e-044dcd7da8d2", "trace_id": "d4cf583c-0252-420b-be5e-044dcd7da8d2", "timestamp": "2026-08-17T04:51:57.088238Z", "level": "info"}
{"document_id": "b44e6024-56ad-44dc-b560-a8425314531e", "event": "ingestion_pipeline_completed", "user_id": "anonymous", "request_id": "d4cf583c-0252-420b-be5e-044dcd7da8d2", "trace_id": "d4cf583c-0252-420b-be5e-044dcd7da8d2", "timestamp": "2026-08-17T04:51:57.090133Z", "level": "info"}
{"path": "/api/v1/documents/upload", "method": "POST", "status": 200, "duration_ms": 227.10439999355003, "request_id": "d4cf583c-0252-420b-be5e-044dcd7da8d2", "event": "request", "timestamp": "2026-08-17T04:51:57.090676Z", "level": "info"}
HTTP Request: POST http://test/api/v1/documents/upload "HTTP/1.1 200 OK"
{"document_id": "b44e6024-56ad-44dc-b560-a8425314531e", "parser": "html_parser", "ocr": false, "event": "parsing_completed", "user_id": "anonymous", "request_id": "7c2aaf89-1c6a-43c5-9752-a14b9d35d0a2", "trace_id": "7c2aaf89-1c6a-43c5-9752-a14b9d35d0a2", "timestamp": "2026-08-17T04:51:57.107013Z", "level": "info"}
{"path": "/api/v1/parsing/b44e6024-56ad-44dc-b560-a8425314531e/parse", "method": "POST", "status": 200, "duration_ms": 14.597800007322803, "request_id": "7c2aaf89-1c6a-43c5-9752-a14b9d35d0a2", "event": "request", "timestamp": "2026-08-17T04:51:57.109332Z", "level": "info"}
HTTP Request: POST http://test/api/v1/parsing/b44e6024-56ad-44dc-b560-a8425314531e/parse "HTTP/1.1 200 OK"
{"path": "/api/v1/parsing/b44e6024-56ad-44dc-b560-a8425314531e", "method": "GET", "status": 200, "duration_ms": 9.952499996870756, "request_id": "ba9b393c-fec9-46cd-981f-930f923ff648", "event": "request", "timestamp": "2026-08-17T04:51:57.121494Z", "level": "info"}
HTTP Request: GET http://test/api/v1/parsing/b44e6024-56ad-44dc-b560-a8425314531e "HTTP/1.1 200 OK"
{"path": "/api/v1/auth/login", "method": "POST", "status": 200, "duration_ms": 159.49960000580177, "request_id": "243dea28-cf68-46ac-8fb2-da9209b9a58c", "event": "request", "timestamp": "2026-08-17T04:51:57.567202Z", "level": "info"}
HTTP Request: POST http://test/api/v1/auth/login "HTTP/1.1 200 OK"
{"document_id": "67b1e1a4-1082-492c-a4f7-3f785a114344", "type": "html", "confidence": 0.65, "status": "completed", "event": "classification_completed", "user_id": "anonymous", "request_id": "d73d62ba-89c0-4b4e-9aba-23e22cd9406c", "trace_id": "d73d62ba-89c0-4b4e-9aba-23e22cd9406c", "timestamp": "2026-08-17T04:51:57.607645Z", "level": "info"}
{"document_id": "67b1e1a4-1082-492c-a4f7-3f785a114344", "parser": "html_parser", "ocr": false, "event": "parsing_completed", "user_id": "anonymous", "request_id": "d73d62ba-89c0-4b4e-9aba-23e22cd9406c", "trace_id": "d73d62ba-89c0-4b4e-9aba-23e22cd9406c", "timestamp": "2026-08-17T04:51:57.618009Z", "level": "info"}
{"document_id": "67b1e1a4-1082-492c-a4f7-3f785a114344", "valid": true, "issue_count": 0, "event": "canonical_document_built", "user_id": "anonymous", "request_id": "d73d62ba-89c0-4b4e-9aba-23e22cd9406c", "trace_id": "d73d62ba-89c0-4b4e-9aba-23e22cd9406c", "timestamp": "2026-08-17T04:51:57.630728Z", "level": "info"}
{"document_id": "67b1e1a4-1082-492c-a4f7-3f785a114344", "fields": 5, "low_confidence": 0, "event": "metadata_extraction_completed", "user_id": "anonymous", "request_id": "d73d62ba-89c0-4b4e-9aba-23e22cd9406c", "trace_id": "d73d62ba-89c0-4b4e-9aba-23e22cd9406c", "timestamp": "2026-08-17T04:51:57.649702Z", "level": "info"}
{"document_id": "67b1e1a4-1082-492c-a4f7-3f785a114344", "entities": 0, "facts": 0, "line_items": 0, "event": "extraction_completed", "user_id": "anonymous", "request_id": "d73d62ba-89c0-4b4e-9aba-23e22cd9406c", "trace_id": "d73d62ba-89c0-4b4e-9aba-23e22cd9406c", "timestamp": "2026-08-17T04:51:57.663869Z", "level": "info"}
{"document_id": "67b1e1a4-1082-492c-a4f7-3f785a114344", "risk_score": 0.0, "risk_level": "low", "triggered": 0, "failed": 0, "event": "rule_evaluation_completed", "user_id": "anonymous", "request_id": "d73d62ba-89c0-4b4e-9aba-23e22cd9406c", "trace_id": "d73d62ba-89c0-4b4e-9aba-23e22cd9406c", "timestamp": "2026-08-17T04:51:57.687753Z", "level": "info"}
{"document_id": "67b1e1a4-1082-492c-a4f7-3f785a114344", "chunker": "generic_chunker", "chunks": 1, "event": "chunking_completed", "user_id": "anonymous", "request_id": "d73d62ba-89c0-4b4e-9aba-23e22cd9406c", "trace_id": "d73d62ba-89c0-4b4e-9aba-23e22cd9406c", "timestamp": "2026-08-17T04:51:57.717823Z", "level": "info"}
{"document_id": "67b1e1a4-1082-492c-a4f7-3f785a114344", "count": 1, "failed": 0, "event": "embedding_completed", "user_id": "anonymous", "request_id": "d73d62ba-89c0-4b4e-9aba-23e22cd9406c", "trace_id": "d73d62ba-89c0-4b4e-9aba-23e22cd9406c", "timestamp": "2026-08-17T04:51:57.731269Z", "level": "info"}
{"document_id": "67b1e1a4-1082-492c-a4f7-3f785a114344", "indexed": 1, "failed": 0, "event": "document_indexed", "user_id": "anonymous", "request_id": "d73d62ba-89c0-4b4e-9aba-23e22cd9406c", "trace_id": "d73d62ba-89c0-4b4e-9aba-23e22cd9406c", "timestamp": "2026-08-17T04:51:57.743334Z", "level": "info"}
{"document_id": "67b1e1a4-1082-492c-a4f7-3f785a114344", "event": "ingestion_pipeline_completed", "user_id": "anonymous", "request_id": "d73d62ba-89c0-4b4e-9aba-23e22cd9406c", "trace_id": "d73d62ba-89c0-4b4e-9aba-23e22cd9406c", "timestamp": "2026-08-17T04:51:57.745260Z", "level": "info"}
{"path": "/api/v1/documents/upload", "method": "POST", "status": 200, "duration_ms": 174.2544999870006, "request_id": "d73d62ba-89c0-4b4e-9aba-23e22cd9406c", "event": "request", "timestamp": "2026-08-17T04:51:57.745826Z", "level": "info"}
HTTP Request: POST http://test/api/v1/documents/upload "HTTP/1.1 200 OK"
BEGIN (implicit)
SELECT error_events.exception_type, error_events.message, error_events.category, error_events.service, error_events.endpoint, error_events.request_id, error_events.trace_id, error_events.user_id, error_events.stack_trace, error_events.fingerprint, error_events.occurrence_count, error_events.id, error_events.created_at, error_events.updated_at 
FROM error_events 
WHERE error_events.fingerprint = ?
[cached since 17.65s ago] ('0d32bfa56c66892e',)
ROLLBACK
{"original_error": "No parsing result found for this document", "tracking_error": "(sqlite3.OperationalError) no such table: error_events\n[SQL: SELECT error_events.exception_type, error_events.message, error_events.category, error_events.service, error_events.endpoint, error_events.request_id, error_events.trace_id, error_events.user_id, error_events.stack_trace, error_events.fingerprint, error_events.occurrence_count, error_events.id, error_events.created_at, error_events.updated_at \nFROM error_events \nWHERE error_events.fingerprint = ?]\n[parameters: ('0d32bfa56c66892e',)]\n(Background on this error at: https://sqlalche.me/e/20/e3q8)", "event": "error_tracking_failed", "user_id": "anonymous", "request_id": "304a5f14-4e64-4f00-b869-dd101fd9661e", "trace_id": "304a5f14-4e64-4f00-b869-dd101fd9661e", "timestamp": "2026-08-17T04:51:57.771395Z", "level": "error"}
{"path": "/api/v1/parsing/nonexistent-doc-id", "method": "GET", "status": 404, "duration_ms": 21.14549998077564, "request_id": "304a5f14-4e64-4f00-b869-dd101fd9661e", "event": "request", "timestamp": "2026-08-17T04:51:57.772783Z", "level": "info"}
HTTP Request: GET http://test/api/v1/parsing/nonexistent-doc-id "HTTP/1.1 404 Not Found"
{"path": "/api/v1/auth/login", "method": "POST", "status": 200, "duration_ms": 108.44340000767261, "request_id": "c2d2dc9a-cb24-4a1d-9965-da8959008128", "event": "request", "timestamp": "2026-08-17T04:51:58.222642Z", "level": "info"}
HTTP Request: POST http://test/api/v1/auth/login "HTTP/1.1 200 OK"
{"document_id": "1bf9e1b2-2870-48eb-915f-ff940963e260", "type": "html", "confidence": 0.65, "status": "completed", "event": "classification_completed", "user_id": "anonymous", "request_id": "ca1230f3-82d3-4800-9279-c1f213025474", "trace_id": "ca1230f3-82d3-4800-9279-c1f213025474", "timestamp": "2026-08-17T04:51:58.271893Z", "level": "info"}
{"document_id": "1bf9e1b2-2870-48eb-915f-ff940963e260", "parser": "html_parser", "ocr": false, "event": "parsing_completed", "user_id": "anonymous", "request_id": "ca1230f3-82d3-4800-9279-c1f213025474", "trace_id": "ca1230f3-82d3-4800-9279-c1f213025474", "timestamp": "2026-08-17T04:51:58.291987Z", "level": "info"}
{"document_id": "1bf9e1b2-2870-48eb-915f-ff940963e260", "valid": true, "issue_count": 0, "event": "canonical_document_built", "user_id": "anonymous", "request_id": "ca1230f3-82d3-4800-9279-c1f213025474", "trace_id": "ca1230f3-82d3-4800-9279-c1f213025474", "timestamp": "2026-08-17T04:51:58.310840Z", "level": "info"}
{"document_id": "1bf9e1b2-2870-48eb-915f-ff940963e260", "fields": 5, "low_confidence": 0, "event": "metadata_extraction_completed", "user_id": "anonymous", "request_id": "ca1230f3-82d3-4800-9279-c1f213025474", "trace_id": "ca1230f3-82d3-4800-9279-c1f213025474", "timestamp": "2026-08-17T04:51:58.360991Z", "level": "info"}
{"document_id": "1bf9e1b2-2870-48eb-915f-ff940963e260", "entities": 0, "facts": 0, "line_items": 0, "event": "extraction_completed", "user_id": "anonymous", "request_id": "ca1230f3-82d3-4800-9279-c1f213025474", "trace_id": "ca1230f3-82d3-4800-9279-c1f213025474", "timestamp": "2026-08-17T04:51:58.387424Z", "level": "info"}
{"document_id": "1bf9e1b2-2870-48eb-915f-ff940963e260", "risk_score": 0.0, "risk_level": "low", "triggered": 0, "failed": 0, "event": "rule_evaluation_completed", "user_id": "anonymous", "request_id": "ca1230f3-82d3-4800-9279-c1f213025474", "trace_id": "ca1230f3-82d3-4800-9279-c1f213025474", "timestamp": "2026-08-17T04:51:58.425526Z", "level": "info"}
{"document_id": "1bf9e1b2-2870-48eb-915f-ff940963e260", "chunker": "generic_chunker", "chunks": 1, "event": "chunking_completed", "user_id": "anonymous", "request_id": "ca1230f3-82d3-4800-9279-c1f213025474", "trace_id": "ca1230f3-82d3-4800-9279-c1f213025474", "timestamp": "2026-08-17T04:51:58.456060Z", "level": "info"}
{"document_id": "1bf9e1b2-2870-48eb-915f-ff940963e260", "count": 1, "failed": 0, "event": "embedding_completed", "user_id": "anonymous", "request_id": "ca1230f3-82d3-4800-9279-c1f213025474", "trace_id": "ca1230f3-82d3-4800-9279-c1f213025474", "timestamp": "2026-08-17T04:51:58.482657Z", "level": "info"}
{"document_id": "1bf9e1b2-2870-48eb-915f-ff940963e260", "indexed": 1, "failed": 0, "event": "document_indexed", "user_id": "anonymous", "request_id": "ca1230f3-82d3-4800-9279-c1f213025474", "trace_id": "ca1230f3-82d3-4800-9279-c1f213025474", "timestamp": "2026-08-17T04:51:58.498956Z", "level": "info"}
{"document_id": "1bf9e1b2-2870-48eb-915f-ff940963e260", "event": "ingestion_pipeline_completed", "user_id": "anonymous", "request_id": "ca1230f3-82d3-4800-9279-c1f213025474", "trace_id": "ca1230f3-82d3-4800-9279-c1f213025474", "timestamp": "2026-08-17T04:51:58.500983Z", "level": "info"}
{"path": "/api/v1/documents/upload", "method": "POST", "status": 200, "duration_ms": 274.0881000063382, "request_id": "ca1230f3-82d3-4800-9279-c1f213025474", "event": "request", "timestamp": "2026-08-17T04:51:58.501510Z", "level": "info"}
HTTP Request: POST http://test/api/v1/documents/upload "HTTP/1.1 200 OK"
{"document_id": "1bf9e1b2-2870-48eb-915f-ff940963e260", "valid": true, "issue_count": 0, "event": "canonical_document_built", "user_id": "anonymous", "request_id": "2e55779d-b101-4de1-a65b-a1d944c3baf9", "trace_id": "2e55779d-b101-4de1-a65b-a1d944c3baf9", "timestamp": "2026-08-17T04:51:58.536235Z", "level": "info"}
{"path": "/api/v1/canonical/1bf9e1b2-2870-48eb-915f-ff940963e260/build", "method": "POST", "status": 200, "duration_ms": 24.906800012104213, "request_id": "2e55779d-b101-4de1-a65b-a1d944c3baf9", "event": "request", "timestamp": "2026-08-17T04:51:58.537614Z", "level": "info"}
HTTP Request: POST http://test/api/v1/canonical/1bf9e1b2-2870-48eb-915f-ff940963e260/build "HTTP/1.1 200 OK"
{"path": "/api/v1/auth/login", "method": "POST", "status": 200, "duration_ms": 109.60689999046735, "request_id": "fea872c2-30b8-4a00-81b9-e4114d28b3e0", "event": "request", "timestamp": "2026-08-17T04:51:59.007827Z", "level": "info"}
HTTP Request: POST http://test/api/v1/auth/login "HTTP/1.1 200 OK"
{"document_id": "bb718b40-4e63-4629-8a60-f99f5dcbe8c6", "type": "html", "confidence": 0.65, "status": "completed", "event": "classification_completed", "user_id": "anonymous", "request_id": "3b998fbc-56a7-4d68-a5d6-ec2b4bb09b0a", "trace_id": "3b998fbc-56a7-4d68-a5d6-ec2b4bb09b0a", "timestamp": "2026-08-17T04:51:59.057094Z", "level": "info"}
{"document_id": "bb718b40-4e63-4629-8a60-f99f5dcbe8c6", "parser": "html_parser", "ocr": false, "event": "parsing_completed", "user_id": "anonymous", "request_id": "3b998fbc-56a7-4d68-a5d6-ec2b4bb09b0a", "trace_id": "3b998fbc-56a7-4d68-a5d6-ec2b4bb09b0a", "timestamp": "2026-08-17T04:51:59.076697Z", "level": "info"}
{"document_id": "bb718b40-4e63-4629-8a60-f99f5dcbe8c6", "valid": true, "issue_count": 0, "event": "canonical_document_built", "user_id": "anonymous", "request_id": "3b998fbc-56a7-4d68-a5d6-ec2b4bb09b0a", "trace_id": "3b998fbc-56a7-4d68-a5d6-ec2b4bb09b0a", "timestamp": "2026-08-17T04:51:59.096710Z", "level": "info"}
{"document_id": "bb718b40-4e63-4629-8a60-f99f5dcbe8c6", "fields": 5, "low_confidence": 0, "event": "metadata_extraction_completed", "user_id": "anonymous", "request_id": "3b998fbc-56a7-4d68-a5d6-ec2b4bb09b0a", "trace_id": "3b998fbc-56a7-4d68-a5d6-ec2b4bb09b0a", "timestamp": "2026-08-17T04:51:59.133439Z", "level": "info"}
{"document_id": "bb718b40-4e63-4629-8a60-f99f5dcbe8c6", "entities": 0, "facts": 0, "line_items": 0, "event": "extraction_completed", "user_id": "anonymous", "request_id": "3b998fbc-56a7-4d68-a5d6-ec2b4bb09b0a", "trace_id": "3b998fbc-56a7-4d68-a5d6-ec2b4bb09b0a", "timestamp": "2026-08-17T04:51:59.157032Z", "level": "info"}
{"document_id": "bb718b40-4e63-4629-8a60-f99f5dcbe8c6", "risk_score": 0.0, "risk_level": "low", "triggered": 0, "failed": 0, "event": "rule_evaluation_completed", "user_id": "anonymous", "request_id": "3b998fbc-56a7-4d68-a5d6-ec2b4bb09b0a", "trace_id": "3b998fbc-56a7-4d68-a5d6-ec2b4bb09b0a", "timestamp": "2026-08-17T04:51:59.197250Z", "level": "info"}
{"document_id": "bb718b40-4e63-4629-8a60-f99f5dcbe8c6", "chunker": "generic_chunker", "chunks": 1, "event": "chunking_completed", "user_id": "anonymous", "request_id": "3b998fbc-56a7-4d68-a5d6-ec2b4bb09b0a", "trace_id": "3b998fbc-56a7-4d68-a5d6-ec2b4bb09b0a", "timestamp": "2026-08-17T04:51:59.226158Z", "level": "info"}
{"document_id": "bb718b40-4e63-4629-8a60-f99f5dcbe8c6", "count": 1, "failed": 0, "event": "embedding_completed", "user_id": "anonymous", "request_id": "3b998fbc-56a7-4d68-a5d6-ec2b4bb09b0a", "trace_id": "3b998fbc-56a7-4d68-a5d6-ec2b4bb09b0a", "timestamp": "2026-08-17T04:51:59.254631Z", "level": "info"}
{"document_id": "bb718b40-4e63-4629-8a60-f99f5dcbe8c6", "indexed": 1, "failed": 0, "event": "document_indexed", "user_id": "anonymous", "request_id": "3b998fbc-56a7-4d68-a5d6-ec2b4bb09b0a", "trace_id": "3b998fbc-56a7-4d68-a5d6-ec2b4bb09b0a", "timestamp": "2026-08-17T04:51:59.273153Z", "level": "info"}
{"document_id": "bb718b40-4e63-4629-8a60-f99f5dcbe8c6", "event": "ingestion_pipeline_completed", "user_id": "anonymous", "request_id": "3b998fbc-56a7-4d68-a5d6-ec2b4bb09b0a", "trace_id": "3b998fbc-56a7-4d68-a5d6-ec2b4bb09b0a", "timestamp": "2026-08-17T04:51:59.277956Z", "level": "info"}
{"path": "/api/v1/documents/upload", "method": "POST", "status": 200, "duration_ms": 267.5368999771308, "request_id": "3b998fbc-56a7-4d68-a5d6-ec2b4bb09b0a", "event": "request", "timestamp": "2026-08-17T04:51:59.278833Z", "level": "info"}
HTTP Request: POST http://test/api/v1/documents/upload "HTTP/1.1 200 OK"
{"document_id": "bb718b40-4e63-4629-8a60-f99f5dcbe8c6", "parser": "html_parser", "ocr": false, "event": "parsing_completed", "user_id": "anonymous", "request_id": "3e1caf12-bab9-4843-aef1-048c0cf6a97b", "trace_id": "3e1caf12-bab9-4843-aef1-048c0cf6a97b", "timestamp": "2026-08-17T04:51:59.300618Z", "level": "info"}
{"path": "/api/v1/parsing/bb718b40-4e63-4629-8a60-f99f5dcbe8c6/parse", "method": "POST", "status": 200, "duration_ms": 20.14860001509078, "request_id": "3e1caf12-bab9-4843-aef1-048c0cf6a97b", "event": "request", "timestamp": "2026-08-17T04:51:59.304709Z", "level": "info"}
HTTP Request: POST http://test/api/v1/parsing/bb718b40-4e63-4629-8a60-f99f5dcbe8c6/parse "HTTP/1.1 200 OK"
{"document_id": "bb718b40-4e63-4629-8a60-f99f5dcbe8c6", "valid": true, "issue_count": 0, "event": "canonical_document_built", "user_id": "anonymous", "request_id": "16a3be17-72e7-45f6-886e-98d0e025e8fa", "trace_id": "16a3be17-72e7-45f6-886e-98d0e025e8fa", "timestamp": "2026-08-17T04:51:59.326631Z", "level": "info"}
{"path": "/api/v1/canonical/bb718b40-4e63-4629-8a60-f99f5dcbe8c6/build", "method": "POST", "status": 200, "duration_ms": 18.460199993569404, "request_id": "16a3be17-72e7-45f6-886e-98d0e025e8fa", "event": "request", "timestamp": "2026-08-17T04:51:59.327440Z", "level": "info"}
HTTP Request: POST http://test/api/v1/canonical/bb718b40-4e63-4629-8a60-f99f5dcbe8c6/build "HTTP/1.1 200 OK"
{"path": "/api/v1/auth/login", "method": "POST", "status": 200, "duration_ms": 95.71470000082627, "request_id": "0abbb92d-b84c-48b4-9c6b-f7ea1fb36ee9", "event": "request", "timestamp": "2026-08-17T04:51:59.651011Z", "level": "info"}
HTTP Request: POST http://test/api/v1/auth/login "HTTP/1.1 200 OK"
{"document_id": "8df82138-c94f-4915-a098-e64e92a0ed06", "type": "html", "confidence": 0.65, "status": "completed", "event": "classification_completed", "user_id": "anonymous", "request_id": "5096429e-cfe1-414d-b0ee-413e5b5a4ccd", "trace_id": "5096429e-cfe1-414d-b0ee-413e5b5a4ccd", "timestamp": "2026-08-17T04:51:59.703249Z", "level": "info"}
{"document_id": "8df82138-c94f-4915-a098-e64e92a0ed06", "parser": "html_parser", "ocr": false, "event": "parsing_completed", "user_id": "anonymous", "request_id": "5096429e-cfe1-414d-b0ee-413e5b5a4ccd", "trace_id": "5096429e-cfe1-414d-b0ee-413e5b5a4ccd", "timestamp": "2026-08-17T04:51:59.723535Z", "level": "info"}
{"document_id": "8df82138-c94f-4915-a098-e64e92a0ed06", "valid": true, "issue_count": 0, "event": "canonical_document_built", "user_id": "anonymous", "request_id": "5096429e-cfe1-414d-b0ee-413e5b5a4ccd", "trace_id": "5096429e-cfe1-414d-b0ee-413e5b5a4ccd", "timestamp": "2026-08-17T04:51:59.746236Z", "level": "info"}
{"document_id": "8df82138-c94f-4915-a098-e64e92a0ed06", "fields": 5, "low_confidence": 0, "event": "metadata_extraction_completed", "user_id": "anonymous", "request_id": "5096429e-cfe1-414d-b0ee-413e5b5a4ccd", "trace_id": "5096429e-cfe1-414d-b0ee-413e5b5a4ccd", "timestamp": "2026-08-17T04:51:59.793041Z", "level": "info"}
{"document_id": "8df82138-c94f-4915-a098-e64e92a0ed06", "entities": 0, "facts": 0, "line_items": 0, "event": "extraction_completed", "user_id": "anonymous", "request_id": "5096429e-cfe1-414d-b0ee-413e5b5a4ccd", "trace_id": "5096429e-cfe1-414d-b0ee-413e5b5a4ccd", "timestamp": "2026-08-17T04:51:59.819495Z", "level": "info"}
{"document_id": "8df82138-c94f-4915-a098-e64e92a0ed06", "risk_score": 0.0, "risk_level": "low", "triggered": 0, "failed": 0, "event": "rule_evaluation_completed", "user_id": "anonymous", "request_id": "5096429e-cfe1-414d-b0ee-413e5b5a4ccd", "trace_id": "5096429e-cfe1-414d-b0ee-413e5b5a4ccd", "timestamp": "2026-08-17T04:51:59.861568Z", "level": "info"}
{"document_id": "8df82138-c94f-4915-a098-e64e92a0ed06", "chunker": "generic_chunker", "chunks": 1, "event": "chunking_completed", "user_id": "anonymous", "request_id": "5096429e-cfe1-414d-b0ee-413e5b5a4ccd", "trace_id": "5096429e-cfe1-414d-b0ee-413e5b5a4ccd", "timestamp": "2026-08-17T04:51:59.892487Z", "level": "info"}
{"document_id": "8df82138-c94f-4915-a098-e64e92a0ed06", "count": 1, "failed": 0, "event": "embedding_completed", "user_id": "anonymous", "request_id": "5096429e-cfe1-414d-b0ee-413e5b5a4ccd", "trace_id": "5096429e-cfe1-414d-b0ee-413e5b5a4ccd", "timestamp": "2026-08-17T04:51:59.913521Z", "level": "info"}
{"document_id": "8df82138-c94f-4915-a098-e64e92a0ed06", "indexed": 1, "failed": 0, "event": "document_indexed", "user_id": "anonymous", "request_id": "5096429e-cfe1-414d-b0ee-413e5b5a4ccd", "trace_id": "5096429e-cfe1-414d-b0ee-413e5b5a4ccd", "timestamp": "2026-08-17T04:51:59.924159Z", "level": "info"}
{"document_id": "8df82138-c94f-4915-a098-e64e92a0ed06", "event": "ingestion_pipeline_completed", "user_id": "anonymous", "request_id": "5096429e-cfe1-414d-b0ee-413e5b5a4ccd", "trace_id": "5096429e-cfe1-414d-b0ee-413e5b5a4ccd", "timestamp": "2026-08-17T04:51:59.925657Z", "level": "info"}
{"path": "/api/v1/documents/upload", "method": "POST", "status": 200, "duration_ms": 270.6543999956921, "request_id": "5096429e-cfe1-414d-b0ee-413e5b5a4ccd", "event": "request", "timestamp": "2026-08-17T04:51:59.926245Z", "level": "info"}
HTTP Request: POST http://test/api/v1/documents/upload "HTTP/1.1 200 OK"
{"document_id": "8df82138-c94f-4915-a098-e64e92a0ed06", "parser": "html_parser", "ocr": false, "event": "parsing_completed", "user_id": "anonymous", "request_id": "0a91df2b-079f-4076-8683-77c0823fa226", "trace_id": "0a91df2b-079f-4076-8683-77c0823fa226", "timestamp": "2026-08-17T04:51:59.941230Z", "level": "info"}
{"path": "/api/v1/parsing/8df82138-c94f-4915-a098-e64e92a0ed06/parse", "method": "POST", "status": 200, "duration_ms": 13.721399998757988, "request_id": "0a91df2b-079f-4076-8683-77c0823fa226", "event": "request", "timestamp": "2026-08-17T04:51:59.943586Z", "level": "info"}
HTTP Request: POST http://test/api/v1/parsing/8df82138-c94f-4915-a098-e64e92a0ed06/parse "HTTP/1.1 200 OK"
{"document_id": "8df82138-c94f-4915-a098-e64e92a0ed06", "valid": true, "issue_count": 0, "event": "canonical_document_built", "user_id": "anonymous", "request_id": "f7b0942a-07e4-434c-b544-8bb99141fe31", "trace_id": "f7b0942a-07e4-434c-b544-8bb99141fe31", "timestamp": "2026-08-17T04:51:59.967584Z", "level": "info"}
{"path": "/api/v1/canonical/8df82138-c94f-4915-a098-e64e92a0ed06/build", "method": "POST", "status": 200, "duration_ms": 22.666499979095533, "request_id": "f7b0942a-07e4-434c-b544-8bb99141fe31", "event": "request", "timestamp": "2026-08-17T04:51:59.969072Z", "level": "info"}
HTTP Request: POST http://test/api/v1/canonical/8df82138-c94f-4915-a098-e64e92a0ed06/build "HTTP/1.1 200 OK"
{"path": "/api/v1/canonical/8df82138-c94f-4915-a098-e64e92a0ed06/export", "method": "GET", "status": 200, "duration_ms": 12.940200016601011, "request_id": "f3471418-bb70-4400-ae58-847f2d082695", "event": "request", "timestamp": "2026-08-17T04:51:59.986695Z", "level": "info"}
HTTP Request: GET http://test/api/v1/canonical/8df82138-c94f-4915-a098-e64e92a0ed06/export "HTTP/1.1 200 OK"
{"path": "/api/v1/auth/login", "method": "POST", "status": 200, "duration_ms": 104.33750000083819, "request_id": "2ea9c287-9d50-4938-b697-3801516a4e55", "event": "request", "timestamp": "2026-08-17T04:52:00.408172Z", "level": "info"}
HTTP Request: POST http://test/api/v1/auth/login "HTTP/1.1 200 OK"
{"path": "/api/v1/canonical/schema/version", "method": "GET", "status": 200, "duration_ms": 1.7024999833665788, "request_id": "872eddd2-45be-4e0e-a1b4-be8b30b81cfb", "event": "request", "timestamp": "2026-08-17T04:52:00.414512Z", "level": "info"}
HTTP Request: GET http://test/api/v1/canonical/schema/version "HTTP/1.1 200 OK"
{"path": "/api/v1/auth/login", "method": "POST", "status": 200, "duration_ms": 90.63840002636425, "request_id": "25f3ced4-a411-4536-8b5d-c2905531bc6c", "event": "request", "timestamp": "2026-08-17T04:52:01.073317Z", "level": "info"}
HTTP Request: POST http://test/api/v1/auth/login "HTTP/1.1 200 OK"
{"document_id": "9b99ca4e-bee1-44f9-be49-274a26e6dd04", "type": "invoice", "confidence": 0.75, "status": "completed", "event": "classification_completed", "user_id": "anonymous", "request_id": "9617aed0-3ad9-4bba-963a-ce59e23e0da1", "trace_id": "9617aed0-3ad9-4bba-963a-ce59e23e0da1", "timestamp": "2026-08-17T04:52:01.107050Z", "level": "info"}
{"document_id": "9b99ca4e-bee1-44f9-be49-274a26e6dd04", "parser": "text_parser", "ocr": false, "event": "parsing_completed", "user_id": "anonymous", "request_id": "9617aed0-3ad9-4bba-963a-ce59e23e0da1", "trace_id": "9617aed0-3ad9-4bba-963a-ce59e23e0da1", "timestamp": "2026-08-17T04:52:01.119209Z", "level": "info"}
{"document_id": "9b99ca4e-bee1-44f9-be49-274a26e6dd04", "valid": true, "issue_count": 0, "event": "canonical_document_built", "user_id": "anonymous", "request_id": "9617aed0-3ad9-4bba-963a-ce59e23e0da1", "trace_id": "9617aed0-3ad9-4bba-963a-ce59e23e0da1", "timestamp": "2026-08-17T04:52:01.134546Z", "level": "info"}
{"document_id": "9b99ca4e-bee1-44f9-be49-274a26e6dd04", "fields": 10, "low_confidence": 0, "event": "metadata_extraction_completed", "user_id": "anonymous", "request_id": "9617aed0-3ad9-4bba-963a-ce59e23e0da1", "trace_id": "9617aed0-3ad9-4bba-963a-ce59e23e0da1", "timestamp": "2026-08-17T04:52:01.158907Z", "level": "info"}
{"document_id": "9b99ca4e-bee1-44f9-be49-274a26e6dd04", "entities": 4, "facts": 3, "line_items": 0, "event": "extraction_completed", "user_id": "anonymous", "request_id": "9617aed0-3ad9-4bba-963a-ce59e23e0da1", "trace_id": "9617aed0-3ad9-4bba-963a-ce59e23e0da1", "timestamp": "2026-08-17T04:52:01.178563Z", "level": "info"}
{"document_id": "9b99ca4e-bee1-44f9-be49-274a26e6dd04", "risk_score": 0.0, "risk_level": "low", "triggered": 0, "failed": 0, "event": "rule_evaluation_completed", "user_id": "anonymous", "request_id": "9617aed0-3ad9-4bba-963a-ce59e23e0da1", "trace_id": "9617aed0-3ad9-4bba-963a-ce59e23e0da1", "timestamp": "2026-08-17T04:52:01.204360Z", "level": "info"}
{"document_id": "9b99ca4e-bee1-44f9-be49-274a26e6dd04", "chunker": "invoice_chunker", "chunks": 5, "event": "chunking_completed", "user_id": "anonymous", "request_id": "9617aed0-3ad9-4bba-963a-ce59e23e0da1", "trace_id": "9617aed0-3ad9-4bba-963a-ce59e23e0da1", "timestamp": "2026-08-17T04:52:01.226587Z", "level": "info"}
{"document_id": "9b99ca4e-bee1-44f9-be49-274a26e6dd04", "count": 5, "failed": 0, "event": "embedding_completed", "user_id": "anonymous", "request_id": "9617aed0-3ad9-4bba-963a-ce59e23e0da1", "trace_id": "9617aed0-3ad9-4bba-963a-ce59e23e0da1", "timestamp": "2026-08-17T04:52:01.240708Z", "level": "info"}
{"document_id": "9b99ca4e-bee1-44f9-be49-274a26e6dd04", "indexed": 5, "failed": 0, "event": "document_indexed", "user_id": "anonymous", "request_id": "9617aed0-3ad9-4bba-963a-ce59e23e0da1", "trace_id": "9617aed0-3ad9-4bba-963a-ce59e23e0da1", "timestamp": "2026-08-17T04:52:01.254274Z", "level": "info"}
{"document_id": "9b99ca4e-bee1-44f9-be49-274a26e6dd04", "event": "ingestion_pipeline_completed", "user_id": "anonymous", "request_id": "9617aed0-3ad9-4bba-963a-ce59e23e0da1", "trace_id": "9617aed0-3ad9-4bba-963a-ce59e23e0da1", "timestamp": "2026-08-17T04:52:01.255997Z", "level": "info"}
{"path": "/api/v1/documents/upload", "method": "POST", "status": 200, "duration_ms": 179.95330001576804, "request_id": "9617aed0-3ad9-4bba-963a-ce59e23e0da1", "event": "request", "timestamp": "2026-08-17T04:52:01.256463Z", "level": "info"}
HTTP Request: POST http://test/api/v1/documents/upload "HTTP/1.1 200 OK"
{"document_id": "9b99ca4e-bee1-44f9-be49-274a26e6dd04", "type": "invoice", "confidence": 0.75, "status": "completed", "event": "classification_completed", "user_id": "anonymous", "request_id": "6e4f191f-d0d6-4ccd-b792-f9bfdb3165be", "trace_id": "6e4f191f-d0d6-4ccd-b792-f9bfdb3165be", "timestamp": "2026-08-17T04:52:01.269558Z", "level": "info"}
{"path": "/api/v1/classification/9b99ca4e-bee1-44f9-be49-274a26e6dd04/classify", "method": "POST", "status": 200, "duration_ms": 12.32259999960661, "request_id": "6e4f191f-d0d6-4ccd-b792-f9bfdb3165be", "event": "request", "timestamp": "2026-08-17T04:52:01.271274Z", "level": "info"}
HTTP Request: POST http://test/api/v1/classification/9b99ca4e-bee1-44f9-be49-274a26e6dd04/classify "HTTP/1.1 200 OK"
{"document_id": "9b99ca4e-bee1-44f9-be49-274a26e6dd04", "parser": "text_parser", "ocr": false, "event": "parsing_completed", "user_id": "anonymous", "request_id": "a84c1dda-0b18-40f8-80f0-289f72d03ba0", "trace_id": "a84c1dda-0b18-40f8-80f0-289f72d03ba0", "timestamp": "2026-08-17T04:52:01.282801Z", "level": "info"}
{"path": "/api/v1/parsing/9b99ca4e-bee1-44f9-be49-274a26e6dd04/parse", "method": "POST", "status": 200, "duration_ms": 11.225399997783825, "request_id": "a84c1dda-0b18-40f8-80f0-289f72d03ba0", "event": "request", "timestamp": "2026-08-17T04:52:01.284885Z", "level": "info"}
HTTP Request: POST http://test/api/v1/parsing/9b99ca4e-bee1-44f9-be49-274a26e6dd04/parse "HTTP/1.1 200 OK"
{"document_id": "9b99ca4e-bee1-44f9-be49-274a26e6dd04", "valid": true, "issue_count": 0, "event": "canonical_document_built", "user_id": "anonymous", "request_id": "0f3dac6e-d910-46a8-b34e-5d7c190f75dd", "trace_id": "0f3dac6e-d910-46a8-b34e-5d7c190f75dd", "timestamp": "2026-08-17T04:52:01.297976Z", "level": "info"}
{"path": "/api/v1/canonical/9b99ca4e-bee1-44f9-be49-274a26e6dd04/build", "method": "POST", "status": 200, "duration_ms": 11.038700002245605, "request_id": "0f3dac6e-d910-46a8-b34e-5d7c190f75dd", "event": "request", "timestamp": "2026-08-17T04:52:01.298478Z", "level": "info"}
HTTP Request: POST http://test/api/v1/canonical/9b99ca4e-bee1-44f9-be49-274a26e6dd04/build "HTTP/1.1 200 OK"
{"document_id": "9b99ca4e-bee1-44f9-be49-274a26e6dd04", "fields": 10, "low_confidence": 0, "event": "metadata_extraction_completed", "user_id": "anonymous", "request_id": "f4ad273d-e4b8-40b4-9022-85b6abeb8666", "trace_id": "f4ad273d-e4b8-40b4-9022-85b6abeb8666", "timestamp": "2026-08-17T04:52:01.328672Z", "level": "info"}
{"path": "/api/v1/metadata/9b99ca4e-bee1-44f9-be49-274a26e6dd04/extract", "method": "POST", "status": 200, "duration_ms": 28.92409998457879, "request_id": "f4ad273d-e4b8-40b4-9022-85b6abeb8666", "event": "request", "timestamp": "2026-08-17T04:52:01.330633Z", "level": "info"}
HTTP Request: POST http://test/api/v1/metadata/9b99ca4e-bee1-44f9-be49-274a26e6dd04/extract "HTTP/1.1 200 OK"
{"path": "/api/v1/metadata/9b99ca4e-bee1-44f9-be49-274a26e6dd04", "method": "GET", "status": 200, "duration_ms": 7.1066999807953835, "request_id": "9edc55bb-8d3a-4eeb-949a-8f594c970929", "event": "request", "timestamp": "2026-08-17T04:52:01.340290Z", "level": "info"}
HTTP Request: GET http://test/api/v1/metadata/9b99ca4e-bee1-44f9-be49-274a26e6dd04 "HTTP/1.1 200 OK"
{"path": "/api/v1/auth/login", "method": "POST", "status": 200, "duration_ms": 90.50459999707527, "request_id": "bbb5c402-04a3-45fb-9fbc-a8fab94e56c9", "event": "request", "timestamp": "2026-08-17T04:52:01.655555Z", "level": "info"}
HTTP Request: POST http://test/api/v1/auth/login "HTTP/1.1 200 OK"
{"document_id": "ee7a2d7f-caf6-430e-ba18-70d9739eb01a", "type": "invoice", "confidence": 0.75, "status": "completed", "event": "classification_completed", "user_id": "anonymous", "request_id": "53990394-51e1-4408-9f83-1eefc9abccd0", "trace_id": "53990394-51e1-4408-9f83-1eefc9abccd0", "timestamp": "2026-08-17T04:52:01.680918Z", "level": "info"}
{"document_id": "ee7a2d7f-caf6-430e-ba18-70d9739eb01a", "parser": "text_parser", "ocr": false, "event": "parsing_completed", "user_id": "anonymous", "request_id": "53990394-51e1-4408-9f83-1eefc9abccd0", "trace_id": "53990394-51e1-4408-9f83-1eefc9abccd0", "timestamp": "2026-08-17T04:52:01.692052Z", "level": "info"}
{"document_id": "ee7a2d7f-caf6-430e-ba18-70d9739eb01a", "valid": true, "issue_count": 0, "event": "canonical_document_built", "user_id": "anonymous", "request_id": "53990394-51e1-4408-9f83-1eefc9abccd0", "trace_id": "53990394-51e1-4408-9f83-1eefc9abccd0", "timestamp": "2026-08-17T04:52:01.706622Z", "level": "info"}
{"document_id": "ee7a2d7f-caf6-430e-ba18-70d9739eb01a", "fields": 10, "low_confidence": 0, "event": "metadata_extraction_completed", "user_id": "anonymous", "request_id": "53990394-51e1-4408-9f83-1eefc9abccd0", "trace_id": "53990394-51e1-4408-9f83-1eefc9abccd0", "timestamp": "2026-08-17T04:52:01.726029Z", "level": "info"}
{"document_id": "ee7a2d7f-caf6-430e-ba18-70d9739eb01a", "entities": 4, "facts": 3, "line_items": 0, "event": "extraction_completed", "user_id": "anonymous", "request_id": "53990394-51e1-4408-9f83-1eefc9abccd0", "trace_id": "53990394-51e1-4408-9f83-1eefc9abccd0", "timestamp": "2026-08-17T04:52:01.745032Z", "level": "info"}
{"document_id": "ee7a2d7f-caf6-430e-ba18-70d9739eb01a", "risk_score": 0.0, "risk_level": "low", "triggered": 0, "failed": 0, "event": "rule_evaluation_completed", "user_id": "anonymous", "request_id": "53990394-51e1-4408-9f83-1eefc9abccd0", "trace_id": "53990394-51e1-4408-9f83-1eefc9abccd0", "timestamp": "2026-08-17T04:52:01.765571Z", "level": "info"}
{"document_id": "ee7a2d7f-caf6-430e-ba18-70d9739eb01a", "chunker": "invoice_chunker", "chunks": 5, "event": "chunking_completed", "user_id": "anonymous", "request_id": "53990394-51e1-4408-9f83-1eefc9abccd0", "trace_id": "53990394-51e1-4408-9f83-1eefc9abccd0", "timestamp": "2026-08-17T04:52:01.783208Z", "level": "info"}
{"document_id": "ee7a2d7f-caf6-430e-ba18-70d9739eb01a", "count": 5, "failed": 0, "event": "embedding_completed", "user_id": "anonymous", "request_id": "53990394-51e1-4408-9f83-1eefc9abccd0", "trace_id": "53990394-51e1-4408-9f83-1eefc9abccd0", "timestamp": "2026-08-17T04:52:01.799569Z", "level": "info"}
{"document_id": "ee7a2d7f-caf6-430e-ba18-70d9739eb01a", "indexed": 5, "failed": 0, "event": "document_indexed", "user_id": "anonymous", "request_id": "53990394-51e1-4408-9f83-1eefc9abccd0", "trace_id": "53990394-51e1-4408-9f83-1eefc9abccd0", "timestamp": "2026-08-17T04:52:01.816296Z", "level": "info"}
{"document_id": "ee7a2d7f-caf6-430e-ba18-70d9739eb01a", "event": "ingestion_pipeline_completed", "user_id": "anonymous", "request_id": "53990394-51e1-4408-9f83-1eefc9abccd0", "trace_id": "53990394-51e1-4408-9f83-1eefc9abccd0", "timestamp": "2026-08-17T04:52:01.818470Z", "level": "info"}
{"path": "/api/v1/documents/upload", "method": "POST", "status": 200, "duration_ms": 160.51610000431538, "request_id": "53990394-51e1-4408-9f83-1eefc9abccd0", "event": "request", "timestamp": "2026-08-17T04:52:01.819124Z", "level": "info"}
HTTP Request: POST http://test/api/v1/documents/upload "HTTP/1.1 200 OK"
{"document_id": "ee7a2d7f-caf6-430e-ba18-70d9739eb01a", "type": "invoice", "confidence": 0.75, "status": "completed", "event": "classification_completed", "user_id": "anonymous", "request_id": "9e4b3b76-0ae2-47e5-90ad-fc89e337aee6", "trace_id": "9e4b3b76-0ae2-47e5-90ad-fc89e337aee6", "timestamp": "2026-08-17T04:52:01.830463Z", "level": "info"}
{"path": "/api/v1/classification/ee7a2d7f-caf6-430e-ba18-70d9739eb01a/classify", "method": "POST", "status": 200, "duration_ms": 10.82160000805743, "request_id": "9e4b3b76-0ae2-47e5-90ad-fc89e337aee6", "event": "request", "timestamp": "2026-08-17T04:52:01.832224Z", "level": "info"}
HTTP Request: POST http://test/api/v1/classification/ee7a2d7f-caf6-430e-ba18-70d9739eb01a/classify "HTTP/1.1 200 OK"
{"document_id": "ee7a2d7f-caf6-430e-ba18-70d9739eb01a", "parser": "text_parser", "ocr": false, "event": "parsing_completed", "user_id": "anonymous", "request_id": "09d9c526-e1bd-4233-bfa5-afb0c4fe82e3", "trace_id": "09d9c526-e1bd-4233-bfa5-afb0c4fe82e3", "timestamp": "2026-08-17T04:52:01.844179Z", "level": "info"}
{"path": "/api/v1/parsing/ee7a2d7f-caf6-430e-ba18-70d9739eb01a/parse", "method": "POST", "status": 200, "duration_ms": 10.821000003488734, "request_id": "09d9c526-e1bd-4233-bfa5-afb0c4fe82e3", "event": "request", "timestamp": "2026-08-17T04:52:01.845683Z", "level": "info"}
HTTP Request: POST http://test/api/v1/parsing/ee7a2d7f-caf6-430e-ba18-70d9739eb01a/parse "HTTP/1.1 200 OK"
{"document_id": "ee7a2d7f-caf6-430e-ba18-70d9739eb01a", "valid": true, "issue_count": 0, "event": "canonical_document_built", "user_id": "anonymous", "request_id": "fd221511-7a76-4a45-bfc8-f25f7d0fcb2f", "trace_id": "fd221511-7a76-4a45-bfc8-f25f7d0fcb2f", "timestamp": "2026-08-17T04:52:01.858577Z", "level": "info"}
{"path": "/api/v1/canonical/ee7a2d7f-caf6-430e-ba18-70d9739eb01a/build", "method": "POST", "status": 200, "duration_ms": 11.155699990922585, "request_id": "fd221511-7a76-4a45-bfc8-f25f7d0fcb2f", "event": "request", "timestamp": "2026-08-17T04:52:01.859128Z", "level": "info"}
HTTP Request: POST http://test/api/v1/canonical/ee7a2d7f-caf6-430e-ba18-70d9739eb01a/build "HTTP/1.1 200 OK"
{"document_id": "ee7a2d7f-caf6-430e-ba18-70d9739eb01a", "fields": 10, "low_confidence": 0, "event": "metadata_extraction_completed", "user_id": "anonymous", "request_id": "7603fd22-4954-4f83-85e7-26a2fdb8c262", "trace_id": "7603fd22-4954-4f83-85e7-26a2fdb8c262", "timestamp": "2026-08-17T04:52:01.882489Z", "level": "info"}
{"path": "/api/v1/metadata/ee7a2d7f-caf6-430e-ba18-70d9739eb01a/extract", "method": "POST", "status": 200, "duration_ms": 23.02540000528097, "request_id": "7603fd22-4954-4f83-85e7-26a2fdb8c262", "event": "request", "timestamp": "2026-08-17T04:52:01.885131Z", "level": "info"}
HTTP Request: POST http://test/api/v1/metadata/ee7a2d7f-caf6-430e-ba18-70d9739eb01a/extract "HTTP/1.1 200 OK"
{"path": "/api/v1/metadata/ee7a2d7f-caf6-430e-ba18-70d9739eb01a", "method": "PUT", "status": 200, "duration_ms": 9.288000001106411, "request_id": "0fd242a9-ba5f-4f52-9161-0a7841f89fa3", "event": "request", "timestamp": "2026-08-17T04:52:01.897381Z", "level": "info"}
HTTP Request: PUT http://test/api/v1/metadata/ee7a2d7f-caf6-430e-ba18-70d9739eb01a "HTTP/1.1 200 OK"
{"path": "/api/v1/metadata/ee7a2d7f-caf6-430e-ba18-70d9739eb01a", "method": "GET", "status": 200, "duration_ms": 12.91649998165667, "request_id": "2abae112-9e13-4c2e-9d5c-9c8ecc616fbe", "event": "request", "timestamp": "2026-08-17T04:52:01.912531Z", "level": "info"}
HTTP Request: GET http://test/api/v1/metadata/ee7a2d7f-caf6-430e-ba18-70d9739eb01a "HTTP/1.1 200 OK"
{"path": "/api/v1/auth/login", "method": "POST", "status": 200, "duration_ms": 87.03920000698417, "request_id": "f2c9d0bf-622a-4e9d-85c8-bfd68b7e8227", "event": "request", "timestamp": "2026-08-17T04:52:02.218683Z", "level": "info"}
HTTP Request: POST http://test/api/v1/auth/login "HTTP/1.1 200 OK"
{"document_id": "76cff4bc-3e46-431a-a71c-20f45653d8ee", "type": "invoice", "confidence": 0.75, "status": "completed", "event": "classification_completed", "user_id": "anonymous", "request_id": "ee82256b-f5fb-4be8-84a4-a6eb67c49be1", "trace_id": "ee82256b-f5fb-4be8-84a4-a6eb67c49be1", "timestamp": "2026-08-17T04:52:02.249831Z", "level": "info"}
{"document_id": "76cff4bc-3e46-431a-a71c-20f45653d8ee", "parser": "text_parser", "ocr": false, "event": "parsing_completed", "user_id": "anonymous", "request_id": "ee82256b-f5fb-4be8-84a4-a6eb67c49be1", "trace_id": "ee82256b-f5fb-4be8-84a4-a6eb67c49be1", "timestamp": "2026-08-17T04:52:02.258571Z", "level": "info"}
{"document_id": "76cff4bc-3e46-431a-a71c-20f45653d8ee", "valid": true, "issue_count": 0, "event": "canonical_document_built", "user_id": "anonymous", "request_id": "ee82256b-f5fb-4be8-84a4-a6eb67c49be1", "trace_id": "ee82256b-f5fb-4be8-84a4-a6eb67c49be1", "timestamp": "2026-08-17T04:52:02.270172Z", "level": "info"}
{"document_id": "76cff4bc-3e46-431a-a71c-20f45653d8ee", "fields": 10, "low_confidence": 0, "event": "metadata_extraction_completed", "user_id": "anonymous", "request_id": "ee82256b-f5fb-4be8-84a4-a6eb67c49be1", "trace_id": "ee82256b-f5fb-4be8-84a4-a6eb67c49be1", "timestamp": "2026-08-17T04:52:02.295243Z", "level": "info"}
{"document_id": "76cff4bc-3e46-431a-a71c-20f45653d8ee", "entities": 4, "facts": 3, "line_items": 0, "event": "extraction_completed", "user_id": "anonymous", "request_id": "ee82256b-f5fb-4be8-84a4-a6eb67c49be1", "trace_id": "ee82256b-f5fb-4be8-84a4-a6eb67c49be1", "timestamp": "2026-08-17T04:52:02.322028Z", "level": "info"}
{"document_id": "76cff4bc-3e46-431a-a71c-20f45653d8ee", "risk_score": 0.0, "risk_level": "low", "triggered": 0, "failed": 0, "event": "rule_evaluation_completed", "user_id": "anonymous", "request_id": "ee82256b-f5fb-4be8-84a4-a6eb67c49be1", "trace_id": "ee82256b-f5fb-4be8-84a4-a6eb67c49be1", "timestamp": "2026-08-17T04:52:02.348528Z", "level": "info"}
{"document_id": "76cff4bc-3e46-431a-a71c-20f45653d8ee", "chunker": "invoice_chunker", "chunks": 5, "event": "chunking_completed", "user_id": "anonymous", "request_id": "ee82256b-f5fb-4be8-84a4-a6eb67c49be1", "trace_id": "ee82256b-f5fb-4be8-84a4-a6eb67c49be1", "timestamp": "2026-08-17T04:52:02.371324Z", "level": "info"}
{"document_id": "76cff4bc-3e46-431a-a71c-20f45653d8ee", "count": 5, "failed": 0, "event": "embedding_completed", "user_id": "anonymous", "request_id": "ee82256b-f5fb-4be8-84a4-a6eb67c49be1", "trace_id": "ee82256b-f5fb-4be8-84a4-a6eb67c49be1", "timestamp": "2026-08-17T04:52:02.384644Z", "level": "info"}
{"document_id": "76cff4bc-3e46-431a-a71c-20f45653d8ee", "indexed": 5, "failed": 0, "event": "document_indexed", "user_id": "anonymous", "request_id": "ee82256b-f5fb-4be8-84a4-a6eb67c49be1", "trace_id": "ee82256b-f5fb-4be8-84a4-a6eb67c49be1", "timestamp": "2026-08-17T04:52:02.404614Z", "level": "info"}
{"document_id": "76cff4bc-3e46-431a-a71c-20f45653d8ee", "event": "ingestion_pipeline_completed", "user_id": "anonymous", "request_id": "ee82256b-f5fb-4be8-84a4-a6eb67c49be1", "trace_id": "ee82256b-f5fb-4be8-84a4-a6eb67c49be1", "timestamp": "2026-08-17T04:52:02.406420Z", "level": "info"}
{"path": "/api/v1/documents/upload", "method": "POST", "status": 200, "duration_ms": 185.15600002137944, "request_id": "ee82256b-f5fb-4be8-84a4-a6eb67c49be1", "event": "request", "timestamp": "2026-08-17T04:52:02.406914Z", "level": "info"}
HTTP Request: POST http://test/api/v1/documents/upload "HTTP/1.1 200 OK"
{"document_id": "76cff4bc-3e46-431a-a71c-20f45653d8ee", "type": "invoice", "confidence": 0.75, "status": "completed", "event": "classification_completed", "user_id": "anonymous", "request_id": "ca4d3987-55ab-42fc-85b5-1a6a3bf5a403", "trace_id": "ca4d3987-55ab-42fc-85b5-1a6a3bf5a403", "timestamp": "2026-08-17T04:52:02.421004Z", "level": "info"}
{"path": "/api/v1/classification/76cff4bc-3e46-431a-a71c-20f45653d8ee/classify", "method": "POST", "status": 200, "duration_ms": 13.978700008010492, "request_id": "ca4d3987-55ab-42fc-85b5-1a6a3bf5a403", "event": "request", "timestamp": "2026-08-17T04:52:02.423361Z", "level": "info"}
HTTP Request: POST http://test/api/v1/classification/76cff4bc-3e46-431a-a71c-20f45653d8ee/classify "HTTP/1.1 200 OK"
{"document_id": "76cff4bc-3e46-431a-a71c-20f45653d8ee", "parser": "text_parser", "ocr": false, "event": "parsing_completed", "user_id": "anonymous", "request_id": "f15848a4-a24d-4992-8e15-fbd8009de9d3", "trace_id": "f15848a4-a24d-4992-8e15-fbd8009de9d3", "timestamp": "2026-08-17T04:52:02.437178Z", "level": "info"}
{"path": "/api/v1/parsing/76cff4bc-3e46-431a-a71c-20f45653d8ee/parse", "method": "POST", "status": 200, "duration_ms": 12.828899984015152, "request_id": "f15848a4-a24d-4992-8e15-fbd8009de9d3", "event": "request", "timestamp": "2026-08-17T04:52:02.439113Z", "level": "info"}
HTTP Request: POST http://test/api/v1/parsing/76cff4bc-3e46-431a-a71c-20f45653d8ee/parse "HTTP/1.1 200 OK"
{"document_id": "76cff4bc-3e46-431a-a71c-20f45653d8ee", "valid": true, "issue_count": 0, "event": "canonical_document_built", "user_id": "anonymous", "request_id": "6954eadb-c923-4927-9aae-d54df2cebfc0", "trace_id": "6954eadb-c923-4927-9aae-d54df2cebfc0", "timestamp": "2026-08-17T04:52:02.457921Z", "level": "info"}
{"path": "/api/v1/canonical/76cff4bc-3e46-431a-a71c-20f45653d8ee/build", "method": "POST", "status": 200, "duration_ms": 16.928199998801574, "request_id": "6954eadb-c923-4927-9aae-d54df2cebfc0", "event": "request", "timestamp": "2026-08-17T04:52:02.458801Z", "level": "info"}
HTTP Request: POST http://test/api/v1/canonical/76cff4bc-3e46-431a-a71c-20f45653d8ee/build "HTTP/1.1 200 OK"
{"document_id": "76cff4bc-3e46-431a-a71c-20f45653d8ee", "fields": 10, "low_confidence": 0, "event": "metadata_extraction_completed", "user_id": "anonymous", "request_id": "ae4c242d-6ed0-484c-99cc-59f285704d95", "trace_id": "ae4c242d-6ed0-484c-99cc-59f285704d95", "timestamp": "2026-08-17T04:52:02.499039Z", "level": "info"}
{"path": "/api/v1/metadata/76cff4bc-3e46-431a-a71c-20f45653d8ee/extract", "method": "POST", "status": 200, "duration_ms": 39.993699989281595, "request_id": "ae4c242d-6ed0-484c-99cc-59f285704d95", "event": "request", "timestamp": "2026-08-17T04:52:02.503720Z", "level": "info"}
HTTP Request: POST http://test/api/v1/metadata/76cff4bc-3e46-431a-a71c-20f45653d8ee/extract "HTTP/1.1 200 OK"
{"path": "/api/v1/metadata/76cff4bc-3e46-431a-a71c-20f45653d8ee", "method": "PUT", "status": 200, "duration_ms": 20.43450000928715, "request_id": "3ca4822c-d61d-43d0-b9b6-490ff77bf17b", "event": "request", "timestamp": "2026-08-17T04:52:02.528356Z", "level": "info"}
HTTP Request: PUT http://test/api/v1/metadata/76cff4bc-3e46-431a-a71c-20f45653d8ee "HTTP/1.1 200 OK"
{"path": "/api/v1/metadata/search", "method": "POST", "status": 200, "duration_ms": 20.276700000977144, "request_id": "3bf37b49-e90e-460a-8f4b-7e0025c73bd9", "event": "request", "timestamp": "2026-08-17T04:52:02.554555Z", "level": "info"}
HTTP Request: POST http://test/api/v1/metadata/search "HTTP/1.1 200 OK"
{"path": "/api/v1/auth/login", "method": "POST", "status": 200, "duration_ms": 92.40570000838488, "request_id": "a07e01d5-1ce4-46c2-8d0a-db23f2da48f4", "event": "request", "timestamp": "2026-08-17T04:52:02.930717Z", "level": "info"}
HTTP Request: POST http://test/api/v1/auth/login "HTTP/1.1 200 OK"
{"document_id": "5d30dc85-1d48-4c81-a54a-90ec5739c781", "type": "invoice", "confidence": 0.75, "status": "completed", "event": "classification_completed", "user_id": "anonymous", "request_id": "dc573935-a72a-46e8-bfbd-0461e2acd663", "trace_id": "dc573935-a72a-46e8-bfbd-0461e2acd663", "timestamp": "2026-08-17T04:52:02.978729Z", "level": "info"}
{"document_id": "5d30dc85-1d48-4c81-a54a-90ec5739c781", "parser": "text_parser", "ocr": false, "event": "parsing_completed", "user_id": "anonymous", "request_id": "dc573935-a72a-46e8-bfbd-0461e2acd663", "trace_id": "dc573935-a72a-46e8-bfbd-0461e2acd663", "timestamp": "2026-08-17T04:52:02.987682Z", "level": "info"}
{"document_id": "5d30dc85-1d48-4c81-a54a-90ec5739c781", "valid": true, "issue_count": 0, "event": "canonical_document_built", "user_id": "anonymous", "request_id": "dc573935-a72a-46e8-bfbd-0461e2acd663", "trace_id": "dc573935-a72a-46e8-bfbd-0461e2acd663", "timestamp": "2026-08-17T04:52:02.997469Z", "level": "info"}
{"document_id": "5d30dc85-1d48-4c81-a54a-90ec5739c781", "fields": 10, "low_confidence": 0, "event": "metadata_extraction_completed", "user_id": "anonymous", "request_id": "dc573935-a72a-46e8-bfbd-0461e2acd663", "trace_id": "dc573935-a72a-46e8-bfbd-0461e2acd663", "timestamp": "2026-08-17T04:52:03.034779Z", "level": "info"}
{"document_id": "5d30dc85-1d48-4c81-a54a-90ec5739c781", "entities": 4, "facts": 3, "line_items": 0, "event": "extraction_completed", "user_id": "anonymous", "request_id": "dc573935-a72a-46e8-bfbd-0461e2acd663", "trace_id": "dc573935-a72a-46e8-bfbd-0461e2acd663", "timestamp": "2026-08-17T04:52:03.072264Z", "level": "info"}
{"document_id": "5d30dc85-1d48-4c81-a54a-90ec5739c781", "risk_score": 0.0, "risk_level": "low", "triggered": 0, "failed": 0, "event": "rule_evaluation_completed", "user_id": "anonymous", "request_id": "dc573935-a72a-46e8-bfbd-0461e2acd663", "trace_id": "dc573935-a72a-46e8-bfbd-0461e2acd663", "timestamp": "2026-08-17T04:52:03.115091Z", "level": "info"}
{"document_id": "5d30dc85-1d48-4c81-a54a-90ec5739c781", "chunker": "invoice_chunker", "chunks": 5, "event": "chunking_completed", "user_id": "anonymous", "request_id": "dc573935-a72a-46e8-bfbd-0461e2acd663", "trace_id": "dc573935-a72a-46e8-bfbd-0461e2acd663", "timestamp": "2026-08-17T04:52:03.151177Z", "level": "info"}
{"document_id": "5d30dc85-1d48-4c81-a54a-90ec5739c781", "count": 5, "failed": 0, "event": "embedding_completed", "user_id": "anonymous", "request_id": "dc573935-a72a-46e8-bfbd-0461e2acd663", "trace_id": "dc573935-a72a-46e8-bfbd-0461e2acd663", "timestamp": "2026-08-17T04:52:03.180844Z", "level": "info"}
{"document_id": "5d30dc85-1d48-4c81-a54a-90ec5739c781", "indexed": 5, "failed": 0, "event": "document_indexed", "user_id": "anonymous", "request_id": "dc573935-a72a-46e8-bfbd-0461e2acd663", "trace_id": "dc573935-a72a-46e8-bfbd-0461e2acd663", "timestamp": "2026-08-17T04:52:03.200196Z", "level": "info"}
{"document_id": "5d30dc85-1d48-4c81-a54a-90ec5739c781", "event": "ingestion_pipeline_completed", "user_id": "anonymous", "request_id": "dc573935-a72a-46e8-bfbd-0461e2acd663", "trace_id": "dc573935-a72a-46e8-bfbd-0461e2acd663", "timestamp": "2026-08-17T04:52:03.203098Z", "level": "info"}
{"path": "/api/v1/documents/upload", "method": "POST", "status": 200, "duration_ms": 269.0746999869589, "request_id": "dc573935-a72a-46e8-bfbd-0461e2acd663", "event": "request", "timestamp": "2026-08-17T04:52:03.203617Z", "level": "info"}
HTTP Request: POST http://test/api/v1/documents/upload "HTTP/1.1 200 OK"
{"document_id": "5d30dc85-1d48-4c81-a54a-90ec5739c781", "type": "invoice", "confidence": 0.75, "status": "completed", "event": "classification_completed", "user_id": "anonymous", "request_id": "ab4bf80d-b52a-400a-ae16-fd3d04b8f659", "trace_id": "ab4bf80d-b52a-400a-ae16-fd3d04b8f659", "timestamp": "2026-08-17T04:52:03.215444Z", "level": "info"}
{"path": "/api/v1/classification/5d30dc85-1d48-4c81-a54a-90ec5739c781/classify", "method": "POST", "status": 200, "duration_ms": 12.275599990971386, "request_id": "ab4bf80d-b52a-400a-ae16-fd3d04b8f659", "event": "request", "timestamp": "2026-08-17T04:52:03.218259Z", "level": "info"}
HTTP Request: POST http://test/api/v1/classification/5d30dc85-1d48-4c81-a54a-90ec5739c781/classify "HTTP/1.1 200 OK"
{"document_id": "5d30dc85-1d48-4c81-a54a-90ec5739c781", "parser": "text_parser", "ocr": false, "event": "parsing_completed", "user_id": "anonymous", "request_id": "ab81f5ef-d418-458e-b4b6-0f9d39c01f92", "trace_id": "ab81f5ef-d418-458e-b4b6-0f9d39c01f92", "timestamp": "2026-08-17T04:52:03.230960Z", "level": "info"}
{"path": "/api/v1/parsing/5d30dc85-1d48-4c81-a54a-90ec5739c781/parse", "method": "POST", "status": 200, "duration_ms": 12.272499996470287, "request_id": "ab81f5ef-d418-458e-b4b6-0f9d39c01f92", "event": "request", "timestamp": "2026-08-17T04:52:03.232997Z", "level": "info"}
HTTP Request: POST http://test/api/v1/parsing/5d30dc85-1d48-4c81-a54a-90ec5739c781/parse "HTTP/1.1 200 OK"
{"document_id": "5d30dc85-1d48-4c81-a54a-90ec5739c781", "valid": true, "issue_count": 0, "event": "canonical_document_built", "user_id": "anonymous", "request_id": "1691b5b5-8366-4f2e-8fcc-0e0535513e37", "trace_id": "1691b5b5-8366-4f2e-8fcc-0e0535513e37", "timestamp": "2026-08-17T04:52:03.245673Z", "level": "info"}
{"path": "/api/v1/canonical/5d30dc85-1d48-4c81-a54a-90ec5739c781/build", "method": "POST", "status": 200, "duration_ms": 10.498299991013482, "request_id": "1691b5b5-8366-4f2e-8fcc-0e0535513e37", "event": "request", "timestamp": "2026-08-17T04:52:03.246326Z", "level": "info"}
HTTP Request: POST http://test/api/v1/canonical/5d30dc85-1d48-4c81-a54a-90ec5739c781/build "HTTP/1.1 200 OK"
{"document_id": "5d30dc85-1d48-4c81-a54a-90ec5739c781", "entities": 4, "facts": 3, "line_items": 0, "event": "extraction_completed", "user_id": "anonymous", "request_id": "98d2c659-3764-4d9d-9247-e4982a51fc0e", "trace_id": "98d2c659-3764-4d9d-9247-e4982a51fc0e", "timestamp": "2026-08-17T04:52:03.630466Z", "level": "info"}
{"path": "/api/v1/extraction/5d30dc85-1d48-4c81-a54a-90ec5739c781/extract", "method": "POST", "status": 200, "duration_ms": 374.97699999948964, "request_id": "98d2c659-3764-4d9d-9247-e4982a51fc0e", "event": "request", "timestamp": "2026-08-17T04:52:03.634496Z", "level": "info"}
HTTP Request: POST http://test/api/v1/extraction/5d30dc85-1d48-4c81-a54a-90ec5739c781/extract "HTTP/1.1 200 OK"
{"path": "/api/v1/extraction/5d30dc85-1d48-4c81-a54a-90ec5739c781/entities", "method": "GET", "status": 200, "duration_ms": 9.319599979789928, "request_id": "31ecd4e3-2766-4d8d-acc5-91624191844d", "event": "request", "timestamp": "2026-08-17T04:52:03.647620Z", "level": "info"}
HTTP Request: GET http://test/api/v1/extraction/5d30dc85-1d48-4c81-a54a-90ec5739c781/entities "HTTP/1.1 200 OK"
{"path": "/api/v1/auth/login", "method": "POST", "status": 200, "duration_ms": 93.6167000036221, "request_id": "5181703c-098f-4eaa-90a8-5445b3372c43", "event": "request", "timestamp": "2026-08-17T04:52:04.135480Z", "level": "info"}
HTTP Request: POST http://test/api/v1/auth/login "HTTP/1.1 200 OK"
{"document_id": "f2719cbf-9d3b-40b2-afb1-0790448277fc", "type": "invoice", "confidence": 0.75, "status": "completed", "event": "classification_completed", "user_id": "anonymous", "request_id": "76e58ca4-b7a1-43f7-9433-42724159c48e", "trace_id": "76e58ca4-b7a1-43f7-9433-42724159c48e", "timestamp": "2026-08-17T04:52:04.165133Z", "level": "info"}
{"document_id": "f2719cbf-9d3b-40b2-afb1-0790448277fc", "parser": "text_parser", "ocr": false, "event": "parsing_completed", "user_id": "anonymous", "request_id": "76e58ca4-b7a1-43f7-9433-42724159c48e", "trace_id": "76e58ca4-b7a1-43f7-9433-42724159c48e", "timestamp": "2026-08-17T04:52:04.172422Z", "level": "info"}
{"document_id": "f2719cbf-9d3b-40b2-afb1-0790448277fc", "valid": true, "issue_count": 0, "event": "canonical_document_built", "user_id": "anonymous", "request_id": "76e58ca4-b7a1-43f7-9433-42724159c48e", "trace_id": "76e58ca4-b7a1-43f7-9433-42724159c48e", "timestamp": "2026-08-17T04:52:04.183551Z", "level": "info"}
{"document_id": "f2719cbf-9d3b-40b2-afb1-0790448277fc", "fields": 10, "low_confidence": 0, "event": "metadata_extraction_completed", "user_id": "anonymous", "request_id": "76e58ca4-b7a1-43f7-9433-42724159c48e", "trace_id": "76e58ca4-b7a1-43f7-9433-42724159c48e", "timestamp": "2026-08-17T04:52:04.200574Z", "level": "info"}
{"document_id": "f2719cbf-9d3b-40b2-afb1-0790448277fc", "entities": 4, "facts": 3, "line_items": 0, "event": "extraction_completed", "user_id": "anonymous", "request_id": "76e58ca4-b7a1-43f7-9433-42724159c48e", "trace_id": "76e58ca4-b7a1-43f7-9433-42724159c48e", "timestamp": "2026-08-17T04:52:04.220645Z", "level": "info"}
{"document_id": "f2719cbf-9d3b-40b2-afb1-0790448277fc", "risk_score": 0.0, "risk_level": "low", "triggered": 0, "failed": 0, "event": "rule_evaluation_completed", "user_id": "anonymous", "request_id": "76e58ca4-b7a1-43f7-9433-42724159c48e", "trace_id": "76e58ca4-b7a1-43f7-9433-42724159c48e", "timestamp": "2026-08-17T04:52:04.239661Z", "level": "info"}
{"document_id": "f2719cbf-9d3b-40b2-afb1-0790448277fc", "chunker": "invoice_chunker", "chunks": 5, "event": "chunking_completed", "user_id": "anonymous", "request_id": "76e58ca4-b7a1-43f7-9433-42724159c48e", "trace_id": "76e58ca4-b7a1-43f7-9433-42724159c48e", "timestamp": "2026-08-17T04:52:04.258466Z", "level": "info"}
{"document_id": "f2719cbf-9d3b-40b2-afb1-0790448277fc", "count": 5, "failed": 0, "event": "embedding_completed", "user_id": "anonymous", "request_id": "76e58ca4-b7a1-43f7-9433-42724159c48e", "trace_id": "76e58ca4-b7a1-43f7-9433-42724159c48e", "timestamp": "2026-08-17T04:52:04.271760Z", "level": "info"}
{"document_id": "f2719cbf-9d3b-40b2-afb1-0790448277fc", "indexed": 5, "failed": 0, "event": "document_indexed", "user_id": "anonymous", "request_id": "76e58ca4-b7a1-43f7-9433-42724159c48e", "trace_id": "76e58ca4-b7a1-43f7-9433-42724159c48e", "timestamp": "2026-08-17T04:52:04.286371Z", "level": "info"}
{"document_id": "f2719cbf-9d3b-40b2-afb1-0790448277fc", "event": "ingestion_pipeline_completed", "user_id": "anonymous", "request_id": "76e58ca4-b7a1-43f7-9433-42724159c48e", "trace_id": "76e58ca4-b7a1-43f7-9433-42724159c48e", "timestamp": "2026-08-17T04:52:04.287949Z", "level": "info"}
{"path": "/api/v1/documents/upload", "method": "POST", "status": 200, "duration_ms": 149.75890002097003, "request_id": "76e58ca4-b7a1-43f7-9433-42724159c48e", "event": "request", "timestamp": "2026-08-17T04:52:04.288470Z", "level": "info"}
HTTP Request: POST http://test/api/v1/documents/upload "HTTP/1.1 200 OK"
{"document_id": "f2719cbf-9d3b-40b2-afb1-0790448277fc", "type": "invoice", "confidence": 0.75, "status": "completed", "event": "classification_completed", "user_id": "anonymous", "request_id": "142bd7d3-bb4d-4334-a368-30b747a0d737", "trace_id": "142bd7d3-bb4d-4334-a368-30b747a0d737", "timestamp": "2026-08-17T04:52:04.302545Z", "level": "info"}
{"path": "/api/v1/classification/f2719cbf-9d3b-40b2-afb1-0790448277fc/classify", "method": "POST", "status": 200, "duration_ms": 12.361699977191165, "request_id": "142bd7d3-bb4d-4334-a368-30b747a0d737", "event": "request", "timestamp": "2026-08-17T04:52:04.304293Z", "level": "info"}
HTTP Request: POST http://test/api/v1/classification/f2719cbf-9d3b-40b2-afb1-0790448277fc/classify "HTTP/1.1 200 OK"
{"document_id": "f2719cbf-9d3b-40b2-afb1-0790448277fc", "parser": "text_parser", "ocr": false, "event": "parsing_completed", "user_id": "anonymous", "request_id": "624b61bb-c9fd-4057-8be5-6060f75be848", "trace_id": "624b61bb-c9fd-4057-8be5-6060f75be848", "timestamp": "2026-08-17T04:52:04.317531Z", "level": "info"}
{"path": "/api/v1/parsing/f2719cbf-9d3b-40b2-afb1-0790448277fc/parse", "method": "POST", "status": 200, "duration_ms": 12.57289998466149, "request_id": "624b61bb-c9fd-4057-8be5-6060f75be848", "event": "request", "timestamp": "2026-08-17T04:52:04.319224Z", "level": "info"}
HTTP Request: POST http://test/api/v1/parsing/f2719cbf-9d3b-40b2-afb1-0790448277fc/parse "HTTP/1.1 200 OK"
{"document_id": "f2719cbf-9d3b-40b2-afb1-0790448277fc", "valid": true, "issue_count": 0, "event": "canonical_document_built", "user_id": "anonymous", "request_id": "3c899192-c46a-4c22-8a4c-3493d79c6f4c", "trace_id": "3c899192-c46a-4c22-8a4c-3493d79c6f4c", "timestamp": "2026-08-17T04:52:04.330192Z", "level": "info"}
{"path": "/api/v1/canonical/f2719cbf-9d3b-40b2-afb1-0790448277fc/build", "method": "POST", "status": 200, "duration_ms": 9.224200010066852, "request_id": "3c899192-c46a-4c22-8a4c-3493d79c6f4c", "event": "request", "timestamp": "2026-08-17T04:52:04.330812Z", "level": "info"}
HTTP Request: POST http://test/api/v1/canonical/f2719cbf-9d3b-40b2-afb1-0790448277fc/build "HTTP/1.1 200 OK"
{"document_id": "f2719cbf-9d3b-40b2-afb1-0790448277fc", "entities": 4, "facts": 3, "line_items": 0, "event": "extraction_completed", "user_id": "anonymous", "request_id": "428a0253-0e6b-459c-ad12-383b72609c41", "trace_id": "428a0253-0e6b-459c-ad12-383b72609c41", "timestamp": "2026-08-17T04:52:04.351232Z", "level": "info"}
{"path": "/api/v1/extraction/f2719cbf-9d3b-40b2-afb1-0790448277fc/extract", "method": "POST", "status": 200, "duration_ms": 17.941800004336983, "request_id": "428a0253-0e6b-459c-ad12-383b72609c41", "event": "request", "timestamp": "2026-08-17T04:52:04.353150Z", "level": "info"}
HTTP Request: POST http://test/api/v1/extraction/f2719cbf-9d3b-40b2-afb1-0790448277fc/extract "HTTP/1.1 200 OK"
{"path": "/api/v1/extraction/f2719cbf-9d3b-40b2-afb1-0790448277fc/facts", "method": "GET", "status": 200, "duration_ms": 5.777799990028143, "request_id": "e87842a3-bc95-4c3a-b298-d6860f47408b", "event": "request", "timestamp": "2026-08-17T04:52:04.361197Z", "level": "info"}
HTTP Request: GET http://test/api/v1/extraction/f2719cbf-9d3b-40b2-afb1-0790448277fc/facts "HTTP/1.1 200 OK"
{"path": "/api/v1/auth/login", "method": "POST", "status": 200, "duration_ms": 78.7850999913644, "request_id": "dd3d7c0f-5d14-4894-ac3a-2461f33cb608", "event": "request", "timestamp": "2026-08-17T04:52:04.674196Z", "level": "info"}
HTTP Request: POST http://test/api/v1/auth/login "HTTP/1.1 200 OK"
{"document_id": "96d809c7-b8bb-4c1d-853f-3c05d70fbbd0", "type": "invoice", "confidence": 0.75, "status": "completed", "event": "classification_completed", "user_id": "anonymous", "request_id": "b79afc05-d060-4747-ac40-738537d2e64e", "trace_id": "b79afc05-d060-4747-ac40-738537d2e64e", "timestamp": "2026-08-17T04:52:04.702577Z", "level": "info"}
{"document_id": "96d809c7-b8bb-4c1d-853f-3c05d70fbbd0", "parser": "text_parser", "ocr": false, "event": "parsing_completed", "user_id": "anonymous", "request_id": "b79afc05-d060-4747-ac40-738537d2e64e", "trace_id": "b79afc05-d060-4747-ac40-738537d2e64e", "timestamp": "2026-08-17T04:52:04.709000Z", "level": "info"}
{"document_id": "96d809c7-b8bb-4c1d-853f-3c05d70fbbd0", "valid": true, "issue_count": 0, "event": "canonical_document_built", "user_id": "anonymous", "request_id": "b79afc05-d060-4747-ac40-738537d2e64e", "trace_id": "b79afc05-d060-4747-ac40-738537d2e64e", "timestamp": "2026-08-17T04:52:04.716830Z", "level": "info"}
{"document_id": "96d809c7-b8bb-4c1d-853f-3c05d70fbbd0", "fields": 10, "low_confidence": 0, "event": "metadata_extraction_completed", "user_id": "anonymous", "request_id": "b79afc05-d060-4747-ac40-738537d2e64e", "trace_id": "b79afc05-d060-4747-ac40-738537d2e64e", "timestamp": "2026-08-17T04:52:04.731858Z", "level": "info"}
{"document_id": "96d809c7-b8bb-4c1d-853f-3c05d70fbbd0", "entities": 4, "facts": 3, "line_items": 0, "event": "extraction_completed", "user_id": "anonymous", "request_id": "b79afc05-d060-4747-ac40-738537d2e64e", "trace_id": "b79afc05-d060-4747-ac40-738537d2e64e", "timestamp": "2026-08-17T04:52:04.746061Z", "level": "info"}
{"document_id": "96d809c7-b8bb-4c1d-853f-3c05d70fbbd0", "risk_score": 0.0, "risk_level": "low", "triggered": 0, "failed": 0, "event": "rule_evaluation_completed", "user_id": "anonymous", "request_id": "b79afc05-d060-4747-ac40-738537d2e64e", "trace_id": "b79afc05-d060-4747-ac40-738537d2e64e", "timestamp": "2026-08-17T04:52:04.769359Z", "level": "info"}
{"document_id": "96d809c7-b8bb-4c1d-853f-3c05d70fbbd0", "chunker": "invoice_chunker", "chunks": 5, "event": "chunking_completed", "user_id": "anonymous", "request_id": "b79afc05-d060-4747-ac40-738537d2e64e", "trace_id": "b79afc05-d060-4747-ac40-738537d2e64e", "timestamp": "2026-08-17T04:52:04.787936Z", "level": "info"}
{"document_id": "96d809c7-b8bb-4c1d-853f-3c05d70fbbd0", "count": 5, "failed": 0, "event": "embedding_completed", "user_id": "anonymous", "request_id": "b79afc05-d060-4747-ac40-738537d2e64e", "trace_id": "b79afc05-d060-4747-ac40-738537d2e64e", "timestamp": "2026-08-17T04:52:04.804376Z", "level": "info"}
{"document_id": "96d809c7-b8bb-4c1d-853f-3c05d70fbbd0", "indexed": 5, "failed": 0, "event": "document_indexed", "user_id": "anonymous", "request_id": "b79afc05-d060-4747-ac40-738537d2e64e", "trace_id": "b79afc05-d060-4747-ac40-738537d2e64e", "timestamp": "2026-08-17T04:52:04.819781Z", "level": "info"}
{"document_id": "96d809c7-b8bb-4c1d-853f-3c05d70fbbd0", "event": "ingestion_pipeline_completed", "user_id": "anonymous", "request_id": "b79afc05-d060-4747-ac40-738537d2e64e", "trace_id": "b79afc05-d060-4747-ac40-738537d2e64e", "timestamp": "2026-08-17T04:52:04.821408Z", "level": "info"}
{"path": "/api/v1/documents/upload", "method": "POST", "status": 200, "duration_ms": 144.0666999842506, "request_id": "b79afc05-d060-4747-ac40-738537d2e64e", "event": "request", "timestamp": "2026-08-17T04:52:04.821894Z", "level": "info"}
HTTP Request: POST http://test/api/v1/documents/upload "HTTP/1.1 200 OK"
{"document_id": "96d809c7-b8bb-4c1d-853f-3c05d70fbbd0", "type": "invoice", "confidence": 0.75, "status": "completed", "event": "classification_completed", "user_id": "anonymous", "request_id": "6e312ea5-2a30-434f-984f-36f00abade43", "trace_id": "6e312ea5-2a30-434f-984f-36f00abade43", "timestamp": "2026-08-17T04:52:04.833915Z", "level": "info"}
{"path": "/api/v1/classification/96d809c7-b8bb-4c1d-853f-3c05d70fbbd0/classify", "method": "POST", "status": 200, "duration_ms": 11.964900011662394, "request_id": "6e312ea5-2a30-434f-984f-36f00abade43", "event": "request", "timestamp": "2026-08-17T04:52:04.836249Z", "level": "info"}
HTTP Request: POST http://test/api/v1/classification/96d809c7-b8bb-4c1d-853f-3c05d70fbbd0/classify "HTTP/1.1 200 OK"
{"document_id": "96d809c7-b8bb-4c1d-853f-3c05d70fbbd0", "parser": "text_parser", "ocr": false, "event": "parsing_completed", "user_id": "anonymous", "request_id": "fe9b2f75-608e-4511-902e-1eb6f5d4121b", "trace_id": "fe9b2f75-608e-4511-902e-1eb6f5d4121b", "timestamp": "2026-08-17T04:52:04.848838Z", "level": "info"}
{"path": "/api/v1/parsing/96d809c7-b8bb-4c1d-853f-3c05d70fbbd0/parse", "method": "POST", "status": 200, "duration_ms": 12.926800001878291, "request_id": "fe9b2f75-608e-4511-902e-1eb6f5d4121b", "event": "request", "timestamp": "2026-08-17T04:52:04.851688Z", "level": "info"}
HTTP Request: POST http://test/api/v1/parsing/96d809c7-b8bb-4c1d-853f-3c05d70fbbd0/parse "HTTP/1.1 200 OK"
{"document_id": "96d809c7-b8bb-4c1d-853f-3c05d70fbbd0", "valid": true, "issue_count": 0, "event": "canonical_document_built", "user_id": "anonymous", "request_id": "8b6b8b96-77d5-4a02-95c0-665012607c3a", "trace_id": "8b6b8b96-77d5-4a02-95c0-665012607c3a", "timestamp": "2026-08-17T04:52:04.873109Z", "level": "info"}
{"path": "/api/v1/canonical/96d809c7-b8bb-4c1d-853f-3c05d70fbbd0/build", "method": "POST", "status": 200, "duration_ms": 19.354899995960295, "request_id": "8b6b8b96-77d5-4a02-95c0-665012607c3a", "event": "request", "timestamp": "2026-08-17T04:52:04.873796Z", "level": "info"}
HTTP Request: POST http://test/api/v1/canonical/96d809c7-b8bb-4c1d-853f-3c05d70fbbd0/build "HTTP/1.1 200 OK"
{"document_id": "96d809c7-b8bb-4c1d-853f-3c05d70fbbd0", "entities": 4, "facts": 3, "line_items": 0, "event": "extraction_completed", "user_id": "anonymous", "request_id": "16b59376-650a-48a9-a19b-4737fd158e61", "trace_id": "16b59376-650a-48a9-a19b-4737fd158e61", "timestamp": "2026-08-17T04:52:04.896411Z", "level": "info"}
{"path": "/api/v1/extraction/96d809c7-b8bb-4c1d-853f-3c05d70fbbd0/extract", "method": "POST", "status": 200, "duration_ms": 22.325099998852238, "request_id": "16b59376-650a-48a9-a19b-4737fd158e61", "event": "request", "timestamp": "2026-08-17T04:52:04.898902Z", "level": "info"}
HTTP Request: POST http://test/api/v1/extraction/96d809c7-b8bb-4c1d-853f-3c05d70fbbd0/extract "HTTP/1.1 200 OK"
{"path": "/api/v1/extraction/96d809c7-b8bb-4c1d-853f-3c05d70fbbd0/facts", "method": "GET", "status": 200, "duration_ms": 7.641300006071106, "request_id": "e5cb1d8b-df31-4911-b0d9-ae8ddae8eb67", "event": "request", "timestamp": "2026-08-17T04:52:04.909671Z", "level": "info"}
HTTP Request: GET http://test/api/v1/extraction/96d809c7-b8bb-4c1d-853f-3c05d70fbbd0/facts "HTTP/1.1 200 OK"
{"path": "/api/v1/auth/login", "method": "POST", "status": 200, "duration_ms": 97.23000001395121, "request_id": "e0b549d5-771a-4b71-b842-de944a74e291", "event": "request", "timestamp": "2026-08-17T04:52:05.356895Z", "level": "info"}
HTTP Request: POST http://test/api/v1/auth/login "HTTP/1.1 200 OK"
{"document_id": "3cdffd05-e6eb-4182-b513-93b7b6891e61", "type": "invoice", "confidence": 0.75, "status": "completed", "event": "classification_completed", "user_id": "anonymous", "request_id": "91feadc1-3824-4544-b662-bee64a21f4f1", "trace_id": "91feadc1-3824-4544-b662-bee64a21f4f1", "timestamp": "2026-08-17T04:52:05.386790Z", "level": "info"}
{"document_id": "3cdffd05-e6eb-4182-b513-93b7b6891e61", "parser": "text_parser", "ocr": false, "event": "parsing_completed", "user_id": "anonymous", "request_id": "91feadc1-3824-4544-b662-bee64a21f4f1", "trace_id": "91feadc1-3824-4544-b662-bee64a21f4f1", "timestamp": "2026-08-17T04:52:05.393178Z", "level": "info"}
{"document_id": "3cdffd05-e6eb-4182-b513-93b7b6891e61", "valid": true, "issue_count": 0, "event": "canonical_document_built", "user_id": "anonymous", "request_id": "91feadc1-3824-4544-b662-bee64a21f4f1", "trace_id": "91feadc1-3824-4544-b662-bee64a21f4f1", "timestamp": "2026-08-17T04:52:05.402819Z", "level": "info"}
{"document_id": "3cdffd05-e6eb-4182-b513-93b7b6891e61", "fields": 10, "low_confidence": 0, "event": "metadata_extraction_completed", "user_id": "anonymous", "request_id": "91feadc1-3824-4544-b662-bee64a21f4f1", "trace_id": "91feadc1-3824-4544-b662-bee64a21f4f1", "timestamp": "2026-08-17T04:52:05.424479Z", "level": "info"}
{"document_id": "3cdffd05-e6eb-4182-b513-93b7b6891e61", "entities": 4, "facts": 3, "line_items": 0, "event": "extraction_completed", "user_id": "anonymous", "request_id": "91feadc1-3824-4544-b662-bee64a21f4f1", "trace_id": "91feadc1-3824-4544-b662-bee64a21f4f1", "timestamp": "2026-08-17T04:52:05.445732Z", "level": "info"}
{"document_id": "3cdffd05-e6eb-4182-b513-93b7b6891e61", "risk_score": 0.0, "risk_level": "low", "triggered": 0, "failed": 0, "event": "rule_evaluation_completed", "user_id": "anonymous", "request_id": "91feadc1-3824-4544-b662-bee64a21f4f1", "trace_id": "91feadc1-3824-4544-b662-bee64a21f4f1", "timestamp": "2026-08-17T04:52:05.472529Z", "level": "info"}
{"document_id": "3cdffd05-e6eb-4182-b513-93b7b6891e61", "chunker": "invoice_chunker", "chunks": 5, "event": "chunking_completed", "user_id": "anonymous", "request_id": "91feadc1-3824-4544-b662-bee64a21f4f1", "trace_id": "91feadc1-3824-4544-b662-bee64a21f4f1", "timestamp": "2026-08-17T04:52:05.494677Z", "level": "info"}
{"document_id": "3cdffd05-e6eb-4182-b513-93b7b6891e61", "count": 5, "failed": 0, "event": "embedding_completed", "user_id": "anonymous", "request_id": "91feadc1-3824-4544-b662-bee64a21f4f1", "trace_id": "91feadc1-3824-4544-b662-bee64a21f4f1", "timestamp": "2026-08-17T04:52:05.519582Z", "level": "info"}
{"document_id": "3cdffd05-e6eb-4182-b513-93b7b6891e61", "indexed": 5, "failed": 0, "event": "document_indexed", "user_id": "anonymous", "request_id": "91feadc1-3824-4544-b662-bee64a21f4f1", "trace_id": "91feadc1-3824-4544-b662-bee64a21f4f1", "timestamp": "2026-08-17T04:52:05.540493Z", "level": "info"}
{"document_id": "3cdffd05-e6eb-4182-b513-93b7b6891e61", "event": "ingestion_pipeline_completed", "user_id": "anonymous", "request_id": "91feadc1-3824-4544-b662-bee64a21f4f1", "trace_id": "91feadc1-3824-4544-b662-bee64a21f4f1", "timestamp": "2026-08-17T04:52:05.542808Z", "level": "info"}
{"path": "/api/v1/documents/upload", "method": "POST", "status": 200, "duration_ms": 183.22740000439808, "request_id": "91feadc1-3824-4544-b662-bee64a21f4f1", "event": "request", "timestamp": "2026-08-17T04:52:05.543466Z", "level": "info"}
HTTP Request: POST http://test/api/v1/documents/upload "HTTP/1.1 200 OK"
{"document_id": "3cdffd05-e6eb-4182-b513-93b7b6891e61", "type": "invoice", "confidence": 0.75, "status": "completed", "event": "classification_completed", "user_id": "anonymous", "request_id": "0a72964a-65bd-4302-bcec-9981a79824ff", "trace_id": "0a72964a-65bd-4302-bcec-9981a79824ff", "timestamp": "2026-08-17T04:52:05.562739Z", "level": "info"}
{"path": "/api/v1/classification/3cdffd05-e6eb-4182-b513-93b7b6891e61/classify", "method": "POST", "status": 200, "duration_ms": 19.837699976051226, "request_id": "0a72964a-65bd-4302-bcec-9981a79824ff", "event": "request", "timestamp": "2026-08-17T04:52:05.566486Z", "level": "info"}
HTTP Request: POST http://test/api/v1/classification/3cdffd05-e6eb-4182-b513-93b7b6891e61/classify "HTTP/1.1 200 OK"
{"document_id": "3cdffd05-e6eb-4182-b513-93b7b6891e61", "parser": "text_parser", "ocr": false, "event": "parsing_completed", "user_id": "anonymous", "request_id": "ace4624f-2fbd-402b-970a-d70747bfeaba", "trace_id": "ace4624f-2fbd-402b-970a-d70747bfeaba", "timestamp": "2026-08-17T04:52:05.583949Z", "level": "info"}
{"path": "/api/v1/parsing/3cdffd05-e6eb-4182-b513-93b7b6891e61/parse", "method": "POST", "status": 200, "duration_ms": 15.932000009343028, "request_id": "ace4624f-2fbd-402b-970a-d70747bfeaba", "event": "request", "timestamp": "2026-08-17T04:52:05.585933Z", "level": "info"}
HTTP Request: POST http://test/api/v1/parsing/3cdffd05-e6eb-4182-b513-93b7b6891e61/parse "HTTP/1.1 200 OK"
{"document_id": "3cdffd05-e6eb-4182-b513-93b7b6891e61", "valid": true, "issue_count": 0, "event": "canonical_document_built", "user_id": "anonymous", "request_id": "223b95eb-26bb-4771-89b1-03a10d61cbaf", "trace_id": "223b95eb-26bb-4771-89b1-03a10d61cbaf", "timestamp": "2026-08-17T04:52:05.599005Z", "level": "info"}
{"path": "/api/v1/canonical/3cdffd05-e6eb-4182-b513-93b7b6891e61/build", "method": "POST", "status": 200, "duration_ms": 11.424199998145923, "request_id": "223b95eb-26bb-4771-89b1-03a10d61cbaf", "event": "request", "timestamp": "2026-08-17T04:52:05.599678Z", "level": "info"}
HTTP Request: POST http://test/api/v1/canonical/3cdffd05-e6eb-4182-b513-93b7b6891e61/build "HTTP/1.1 200 OK"
{"document_id": "3cdffd05-e6eb-4182-b513-93b7b6891e61", "entities": 4, "facts": 3, "line_items": 0, "event": "extraction_completed", "user_id": "anonymous", "request_id": "42867c7e-7277-4d2b-be3f-5df4aca11c90", "trace_id": "42867c7e-7277-4d2b-be3f-5df4aca11c90", "timestamp": "2026-08-17T04:52:05.621189Z", "level": "info"}
{"path": "/api/v1/extraction/3cdffd05-e6eb-4182-b513-93b7b6891e61/extract", "method": "POST", "status": 200, "duration_ms": 20.49349999288097, "request_id": "42867c7e-7277-4d2b-be3f-5df4aca11c90", "event": "request", "timestamp": "2026-08-17T04:52:05.623367Z", "level": "info"}
HTTP Request: POST http://test/api/v1/extraction/3cdffd05-e6eb-4182-b513-93b7b6891e61/extract "HTTP/1.1 200 OK"
{"path": "/api/v1/extraction/3cdffd05-e6eb-4182-b513-93b7b6891e61/line-items", "method": "GET", "status": 200, "duration_ms": 7.287699991138652, "request_id": "dd683b91-df35-4ca4-b773-5afe91186664", "event": "request", "timestamp": "2026-08-17T04:52:05.632923Z", "level": "info"}
HTTP Request: GET http://test/api/v1/extraction/3cdffd05-e6eb-4182-b513-93b7b6891e61/line-items "HTTP/1.1 200 OK"
{"path": "/api/v1/auth/login", "method": "POST", "status": 200, "duration_ms": 80.96009999280795, "request_id": "4a879f5e-ea5e-4b64-8bc4-b9cbcecba87c", "event": "request", "timestamp": "2026-08-17T04:52:05.951189Z", "level": "info"}
HTTP Request: POST http://test/api/v1/auth/login "HTTP/1.1 200 OK"
{"document_id": "89f3ba69-05ea-4a18-9455-c66ad600e4d3", "type": "invoice", "confidence": 0.75, "status": "completed", "event": "classification_completed", "user_id": "anonymous", "request_id": "9bd1f641-6522-47d4-bb2f-0c0e7dd8e002", "trace_id": "9bd1f641-6522-47d4-bb2f-0c0e7dd8e002", "timestamp": "2026-08-17T04:52:05.983528Z", "level": "info"}
{"document_id": "89f3ba69-05ea-4a18-9455-c66ad600e4d3", "parser": "text_parser", "ocr": false, "event": "parsing_completed", "user_id": "anonymous", "request_id": "9bd1f641-6522-47d4-bb2f-0c0e7dd8e002", "trace_id": "9bd1f641-6522-47d4-bb2f-0c0e7dd8e002", "timestamp": "2026-08-17T04:52:05.991744Z", "level": "info"}
{"document_id": "89f3ba69-05ea-4a18-9455-c66ad600e4d3", "valid": true, "issue_count": 0, "event": "canonical_document_built", "user_id": "anonymous", "request_id": "9bd1f641-6522-47d4-bb2f-0c0e7dd8e002", "trace_id": "9bd1f641-6522-47d4-bb2f-0c0e7dd8e002", "timestamp": "2026-08-17T04:52:06.000517Z", "level": "info"}
{"document_id": "89f3ba69-05ea-4a18-9455-c66ad600e4d3", "fields": 10, "low_confidence": 0, "event": "metadata_extraction_completed", "user_id": "anonymous", "request_id": "9bd1f641-6522-47d4-bb2f-0c0e7dd8e002", "trace_id": "9bd1f641-6522-47d4-bb2f-0c0e7dd8e002", "timestamp": "2026-08-17T04:52:06.016526Z", "level": "info"}
{"document_id": "89f3ba69-05ea-4a18-9455-c66ad600e4d3", "entities": 4, "facts": 3, "line_items": 0, "event": "extraction_completed", "user_id": "anonymous", "request_id": "9bd1f641-6522-47d4-bb2f-0c0e7dd8e002", "trace_id": "9bd1f641-6522-47d4-bb2f-0c0e7dd8e002", "timestamp": "2026-08-17T04:52:06.034101Z", "level": "info"}
{"document_id": "89f3ba69-05ea-4a18-9455-c66ad600e4d3", "risk_score": 0.0, "risk_level": "low", "triggered": 0, "failed": 0, "event": "rule_evaluation_completed", "user_id": "anonymous", "request_id": "9bd1f641-6522-47d4-bb2f-0c0e7dd8e002", "trace_id": "9bd1f641-6522-47d4-bb2f-0c0e7dd8e002", "timestamp": "2026-08-17T04:52:06.056586Z", "level": "info"}
{"document_id": "89f3ba69-05ea-4a18-9455-c66ad600e4d3", "chunker": "invoice_chunker", "chunks": 5, "event": "chunking_completed", "user_id": "anonymous", "request_id": "9bd1f641-6522-47d4-bb2f-0c0e7dd8e002", "trace_id": "9bd1f641-6522-47d4-bb2f-0c0e7dd8e002", "timestamp": "2026-08-17T04:52:06.078981Z", "level": "info"}
{"document_id": "89f3ba69-05ea-4a18-9455-c66ad600e4d3", "count": 5, "failed": 0, "event": "embedding_completed", "user_id": "anonymous", "request_id": "9bd1f641-6522-47d4-bb2f-0c0e7dd8e002", "trace_id": "9bd1f641-6522-47d4-bb2f-0c0e7dd8e002", "timestamp": "2026-08-17T04:52:06.094095Z", "level": "info"}
{"document_id": "89f3ba69-05ea-4a18-9455-c66ad600e4d3", "indexed": 5, "failed": 0, "event": "document_indexed", "user_id": "anonymous", "request_id": "9bd1f641-6522-47d4-bb2f-0c0e7dd8e002", "trace_id": "9bd1f641-6522-47d4-bb2f-0c0e7dd8e002", "timestamp": "2026-08-17T04:52:06.109405Z", "level": "info"}
{"document_id": "89f3ba69-05ea-4a18-9455-c66ad600e4d3", "event": "ingestion_pipeline_completed", "user_id": "anonymous", "request_id": "9bd1f641-6522-47d4-bb2f-0c0e7dd8e002", "trace_id": "9bd1f641-6522-47d4-bb2f-0c0e7dd8e002", "timestamp": "2026-08-17T04:52:06.110716Z", "level": "info"}
{"path": "/api/v1/documents/upload", "method": "POST", "status": 200, "duration_ms": 157.2042000188958, "request_id": "9bd1f641-6522-47d4-bb2f-0c0e7dd8e002", "event": "request", "timestamp": "2026-08-17T04:52:06.111267Z", "level": "info"}
HTTP Request: POST http://test/api/v1/documents/upload "HTTP/1.1 200 OK"
{"document_id": "89f3ba69-05ea-4a18-9455-c66ad600e4d3", "type": "invoice", "confidence": 0.75, "status": "completed", "event": "classification_completed", "user_id": "anonymous", "request_id": "10ecc362-7fcd-43aa-a3fd-11e054d2f45e", "trace_id": "10ecc362-7fcd-43aa-a3fd-11e054d2f45e", "timestamp": "2026-08-17T04:52:06.123159Z", "level": "info"}
{"path": "/api/v1/classification/89f3ba69-05ea-4a18-9455-c66ad600e4d3/classify", "method": "POST", "status": 200, "duration_ms": 10.409500013338402, "request_id": "10ecc362-7fcd-43aa-a3fd-11e054d2f45e", "event": "request", "timestamp": "2026-08-17T04:52:06.124810Z", "level": "info"}
HTTP Request: POST http://test/api/v1/classification/89f3ba69-05ea-4a18-9455-c66ad600e4d3/classify "HTTP/1.1 200 OK"
{"document_id": "89f3ba69-05ea-4a18-9455-c66ad600e4d3", "parser": "text_parser", "ocr": false, "event": "parsing_completed", "user_id": "anonymous", "request_id": "75890f62-3178-46fa-b535-6fb3b93ab0b3", "trace_id": "75890f62-3178-46fa-b535-6fb3b93ab0b3", "timestamp": "2026-08-17T04:52:06.140203Z", "level": "info"}
{"path": "/api/v1/parsing/89f3ba69-05ea-4a18-9455-c66ad600e4d3/parse", "method": "POST", "status": 200, "duration_ms": 13.180900015868247, "request_id": "75890f62-3178-46fa-b535-6fb3b93ab0b3", "event": "request", "timestamp": "2026-08-17T04:52:06.141755Z", "level": "info"}
HTTP Request: POST http://test/api/v1/parsing/89f3ba69-05ea-4a18-9455-c66ad600e4d3/parse "HTTP/1.1 200 OK"
{"document_id": "89f3ba69-05ea-4a18-9455-c66ad600e4d3", "valid": true, "issue_count": 0, "event": "canonical_document_built", "user_id": "anonymous", "request_id": "d82cc432-e529-44a3-ba11-6c1a288919f9", "trace_id": "d82cc432-e529-44a3-ba11-6c1a288919f9", "timestamp": "2026-08-17T04:52:06.153923Z", "level": "info"}
{"path": "/api/v1/canonical/89f3ba69-05ea-4a18-9455-c66ad600e4d3/build", "method": "POST", "status": 200, "duration_ms": 10.58009997359477, "request_id": "d82cc432-e529-44a3-ba11-6c1a288919f9", "event": "request", "timestamp": "2026-08-17T04:52:06.154471Z", "level": "info"}
HTTP Request: POST http://test/api/v1/canonical/89f3ba69-05ea-4a18-9455-c66ad600e4d3/build "HTTP/1.1 200 OK"
{"document_id": "89f3ba69-05ea-4a18-9455-c66ad600e4d3", "entities": 4, "facts": 3, "line_items": 0, "event": "extraction_completed", "user_id": "anonymous", "request_id": "e9e9aa5e-e5f4-473b-aa26-f1ff68c568fb", "trace_id": "e9e9aa5e-e5f4-473b-aa26-f1ff68c568fb", "timestamp": "2026-08-17T04:52:06.173880Z", "level": "info"}
{"path": "/api/v1/extraction/89f3ba69-05ea-4a18-9455-c66ad600e4d3/extract", "method": "POST", "status": 200, "duration_ms": 18.177500023739412, "request_id": "e9e9aa5e-e5f4-473b-aa26-f1ff68c568fb", "event": "request", "timestamp": "2026-08-17T04:52:06.175539Z", "level": "info"}
HTTP Request: POST http://test/api/v1/extraction/89f3ba69-05ea-4a18-9455-c66ad600e4d3/extract "HTTP/1.1 200 OK"
{"path": "/api/v1/extraction/search/entities", "method": "GET", "status": 200, "duration_ms": 7.060600008117035, "request_id": "e2d9ef98-a304-4416-b05a-98b014a2c4cb", "event": "request", "timestamp": "2026-08-17T04:52:06.185111Z", "level": "info"}
HTTP Request: GET http://test/api/v1/extraction/search/entities?entity_type=invoice_number "HTTP/1.1 200 OK"
{"path": "/api/v1/auth/login", "method": "POST", "status": 200, "duration_ms": 88.37000001221895, "request_id": "a4698d42-1953-4d47-a93d-e106359918f0", "event": "request", "timestamp": "2026-08-17T04:52:09.069041Z", "level": "info"}
HTTP Request: POST http://test/api/v1/auth/login "HTTP/1.1 200 OK"
{"path": "/api/v1/rules/seed", "method": "POST", "status": 200, "duration_ms": 105.54409999167547, "request_id": "4316668d-6089-46d8-93e0-fae08f5d2508", "event": "request", "timestamp": "2026-08-17T04:52:09.224461Z", "level": "info"}
HTTP Request: POST http://test/api/v1/rules/seed "HTTP/1.1 200 OK"
{"path": "/api/v1/rules", "method": "GET", "status": 200, "duration_ms": 12.30340002803132, "request_id": "9d306ecb-723a-4be4-a8e4-537c1e6d17d6", "event": "request", "timestamp": "2026-08-17T04:52:09.241844Z", "level": "info"}
HTTP Request: GET http://test/api/v1/rules "HTTP/1.1 200 OK"
{"path": "/api/v1/auth/login", "method": "POST", "status": 200, "duration_ms": 84.14079999784008, "request_id": "f3ed1588-8c52-43c5-8ab7-3ce512426c56", "event": "request", "timestamp": "2026-08-17T04:52:09.630721Z", "level": "info"}
HTTP Request: POST http://test/api/v1/auth/login "HTTP/1.1 200 OK"
{"path": "/api/v1/auth/login", "method": "POST", "status": 200, "duration_ms": 84.06010002363473, "request_id": "0c387a67-b739-4921-ac1a-82bcc4562ecd", "event": "request", "timestamp": "2026-08-17T04:52:09.789965Z", "level": "info"}
HTTP Request: POST http://test/api/v1/auth/login "HTTP/1.1 200 OK"
{"path": "/api/v1/rules/seed", "method": "POST", "status": 200, "duration_ms": 60.96330002765171, "request_id": "077841e7-7150-4751-bf04-185f385efc05", "event": "request", "timestamp": "2026-08-17T04:52:09.854529Z", "level": "info"}
HTTP Request: POST http://test/api/v1/rules/seed "HTTP/1.1 200 OK"
{"document_id": "6c513795-eec5-48cc-a086-454379a748da", "type": "invoice", "confidence": 0.75, "status": "completed", "event": "classification_completed", "user_id": "anonymous", "request_id": "621b1d7c-9e89-4c03-837d-1821a6d882ad", "trace_id": "621b1d7c-9e89-4c03-837d-1821a6d882ad", "timestamp": "2026-08-17T04:52:09.888233Z", "level": "info"}
{"document_id": "6c513795-eec5-48cc-a086-454379a748da", "parser": "text_parser", "ocr": false, "event": "parsing_completed", "user_id": "anonymous", "request_id": "621b1d7c-9e89-4c03-837d-1821a6d882ad", "trace_id": "621b1d7c-9e89-4c03-837d-1821a6d882ad", "timestamp": "2026-08-17T04:52:09.897123Z", "level": "info"}
{"document_id": "6c513795-eec5-48cc-a086-454379a748da", "valid": true, "issue_count": 0, "event": "canonical_document_built", "user_id": "anonymous", "request_id": "621b1d7c-9e89-4c03-837d-1821a6d882ad", "trace_id": "621b1d7c-9e89-4c03-837d-1821a6d882ad", "timestamp": "2026-08-17T04:52:09.905665Z", "level": "info"}
{"document_id": "6c513795-eec5-48cc-a086-454379a748da", "fields": 10, "low_confidence": 0, "event": "metadata_extraction_completed", "user_id": "anonymous", "request_id": "621b1d7c-9e89-4c03-837d-1821a6d882ad", "trace_id": "621b1d7c-9e89-4c03-837d-1821a6d882ad", "timestamp": "2026-08-17T04:52:09.927256Z", "level": "info"}
{"document_id": "6c513795-eec5-48cc-a086-454379a748da", "entities": 4, "facts": 3, "line_items": 0, "event": "extraction_completed", "user_id": "anonymous", "request_id": "621b1d7c-9e89-4c03-837d-1821a6d882ad", "trace_id": "621b1d7c-9e89-4c03-837d-1821a6d882ad", "timestamp": "2026-08-17T04:52:09.946872Z", "level": "info"}
{"document_id": "6c513795-eec5-48cc-a086-454379a748da", "risk_score": 45.0, "risk_level": "medium", "triggered": 3, "failed": 0, "event": "rule_evaluation_completed", "user_id": "anonymous", "request_id": "621b1d7c-9e89-4c03-837d-1821a6d882ad", "trace_id": "621b1d7c-9e89-4c03-837d-1821a6d882ad", "timestamp": "2026-08-17T04:52:09.979523Z", "level": "info"}
{"document_id": "6c513795-eec5-48cc-a086-454379a748da", "chunker": "invoice_chunker", "chunks": 5, "event": "chunking_completed", "user_id": "anonymous", "request_id": "621b1d7c-9e89-4c03-837d-1821a6d882ad", "trace_id": "621b1d7c-9e89-4c03-837d-1821a6d882ad", "timestamp": "2026-08-17T04:52:10.004266Z", "level": "info"}
{"document_id": "6c513795-eec5-48cc-a086-454379a748da", "count": 5, "failed": 0, "event": "embedding_completed", "user_id": "anonymous", "request_id": "621b1d7c-9e89-4c03-837d-1821a6d882ad", "trace_id": "621b1d7c-9e89-4c03-837d-1821a6d882ad", "timestamp": "2026-08-17T04:52:10.019908Z", "level": "info"}
{"document_id": "6c513795-eec5-48cc-a086-454379a748da", "indexed": 5, "failed": 0, "event": "document_indexed", "user_id": "anonymous", "request_id": "621b1d7c-9e89-4c03-837d-1821a6d882ad", "trace_id": "621b1d7c-9e89-4c03-837d-1821a6d882ad", "timestamp": "2026-08-17T04:52:10.036748Z", "level": "info"}
{"document_id": "6c513795-eec5-48cc-a086-454379a748da", "event": "ingestion_pipeline_completed", "user_id": "anonymous", "request_id": "621b1d7c-9e89-4c03-837d-1821a6d882ad", "trace_id": "621b1d7c-9e89-4c03-837d-1821a6d882ad", "timestamp": "2026-08-17T04:52:10.038183Z", "level": "info"}
{"path": "/api/v1/documents/upload", "method": "POST", "status": 200, "duration_ms": 179.69089999678545, "request_id": "621b1d7c-9e89-4c03-837d-1821a6d882ad", "event": "request", "timestamp": "2026-08-17T04:52:10.038666Z", "level": "info"}
HTTP Request: POST http://test/api/v1/documents/upload "HTTP/1.1 200 OK"
{"document_id": "6c513795-eec5-48cc-a086-454379a748da", "type": "invoice", "confidence": 0.75, "status": "completed", "event": "classification_completed", "user_id": "anonymous", "request_id": "133b7045-d591-445a-851d-053a47d15414", "trace_id": "133b7045-d591-445a-851d-053a47d15414", "timestamp": "2026-08-17T04:52:10.053125Z", "level": "info"}
{"path": "/api/v1/classification/6c513795-eec5-48cc-a086-454379a748da/classify", "method": "POST", "status": 200, "duration_ms": 13.4781000087969, "request_id": "133b7045-d591-445a-851d-053a47d15414", "event": "request", "timestamp": "2026-08-17T04:52:10.054923Z", "level": "info"}
HTTP Request: POST http://test/api/v1/classification/6c513795-eec5-48cc-a086-454379a748da/classify "HTTP/1.1 200 OK"
{"document_id": "6c513795-eec5-48cc-a086-454379a748da", "parser": "text_parser", "ocr": false, "event": "parsing_completed", "user_id": "anonymous", "request_id": "20f0472f-2df3-4b4f-a333-9779855abf9e", "trace_id": "20f0472f-2df3-4b4f-a333-9779855abf9e", "timestamp": "2026-08-17T04:52:10.068879Z", "level": "info"}
{"path": "/api/v1/parsing/6c513795-eec5-48cc-a086-454379a748da/parse", "method": "POST", "status": 200, "duration_ms": 13.632000016514212, "request_id": "20f0472f-2df3-4b4f-a333-9779855abf9e", "event": "request", "timestamp": "2026-08-17T04:52:10.071309Z", "level": "info"}
HTTP Request: POST http://test/api/v1/parsing/6c513795-eec5-48cc-a086-454379a748da/parse "HTTP/1.1 200 OK"
{"document_id": "6c513795-eec5-48cc-a086-454379a748da", "valid": true, "issue_count": 0, "event": "canonical_document_built", "user_id": "anonymous", "request_id": "17aad639-a601-433d-bb53-a96169f3c2bb", "trace_id": "17aad639-a601-433d-bb53-a96169f3c2bb", "timestamp": "2026-08-17T04:52:10.085351Z", "level": "info"}
{"path": "/api/v1/canonical/6c513795-eec5-48cc-a086-454379a748da/build", "method": "POST", "status": 200, "duration_ms": 12.056600011419505, "request_id": "17aad639-a601-433d-bb53-a96169f3c2bb", "event": "request", "timestamp": "2026-08-17T04:52:10.086035Z", "level": "info"}
HTTP Request: POST http://test/api/v1/canonical/6c513795-eec5-48cc-a086-454379a748da/build "HTTP/1.1 200 OK"
{"document_id": "6c513795-eec5-48cc-a086-454379a748da", "entities": 4, "facts": 3, "line_items": 0, "event": "extraction_completed", "user_id": "anonymous", "request_id": "b065362a-407e-4580-a55f-d05f8df2f675", "trace_id": "b065362a-407e-4580-a55f-d05f8df2f675", "timestamp": "2026-08-17T04:52:10.108143Z", "level": "info"}
{"path": "/api/v1/extraction/6c513795-eec5-48cc-a086-454379a748da/extract", "method": "POST", "status": 200, "duration_ms": 22.238600009586662, "request_id": "b065362a-407e-4580-a55f-d05f8df2f675", "event": "request", "timestamp": "2026-08-17T04:52:10.111048Z", "level": "info"}
HTTP Request: POST http://test/api/v1/extraction/6c513795-eec5-48cc-a086-454379a748da/extract "HTTP/1.1 200 OK"
{"document_id": "6c513795-eec5-48cc-a086-454379a748da", "risk_score": 45.0, "risk_level": "medium", "triggered": 3, "failed": 0, "event": "rule_evaluation_completed", "user_id": "anonymous", "request_id": "ff7d6c81-810b-4a83-9aad-6dec19038352", "trace_id": "ff7d6c81-810b-4a83-9aad-6dec19038352", "timestamp": "2026-08-17T04:52:10.139997Z", "level": "info"}
{"path": "/api/v1/rules/6c513795-eec5-48cc-a086-454379a748da/execute", "method": "POST", "status": 200, "duration_ms": 26.703300012741238, "request_id": "ff7d6c81-810b-4a83-9aad-6dec19038352", "event": "request", "timestamp": "2026-08-17T04:52:10.142304Z", "level": "info"}
HTTP Request: POST http://test/api/v1/rules/6c513795-eec5-48cc-a086-454379a748da/execute "HTTP/1.1 200 OK"
{"path": "/api/v1/rules/6c513795-eec5-48cc-a086-454379a748da/findings", "method": "GET", "status": 200, "duration_ms": 10.19040000392124, "request_id": "7b44ec37-bb00-4242-9b61-6f2f404b79f0", "event": "request", "timestamp": "2026-08-17T04:52:10.156081Z", "level": "info"}
HTTP Request: GET http://test/api/v1/rules/6c513795-eec5-48cc-a086-454379a748da/findings "HTTP/1.1 200 OK"
{"path": "/api/v1/auth/login", "method": "POST", "status": 200, "duration_ms": 87.52530001220293, "request_id": "8d7a6e83-6d1d-4290-8e62-c60b877c0cb4", "event": "request", "timestamp": "2026-08-17T04:52:10.488955Z", "level": "info"}
HTTP Request: POST http://test/api/v1/auth/login "HTTP/1.1 200 OK"
{"path": "/api/v1/auth/login", "method": "POST", "status": 200, "duration_ms": 80.32760000787675, "request_id": "8e4236b0-911f-4351-8b2f-90656fb71daf", "event": "request", "timestamp": "2026-08-17T04:52:10.664945Z", "level": "info"}
HTTP Request: POST http://test/api/v1/auth/login "HTTP/1.1 200 OK"
{"path": "/api/v1/rules/seed", "method": "POST", "status": 200, "duration_ms": 126.47139999899082, "request_id": "307f2dfd-4e95-42d7-aab8-2d3f31bf4769", "event": "request", "timestamp": "2026-08-17T04:52:10.794377Z", "level": "info"}
HTTP Request: POST http://test/api/v1/rules/seed "HTTP/1.1 200 OK"
{"document_id": "c8ac0815-66db-4aa0-a932-030a86d143dd", "type": "invoice", "confidence": 0.75, "status": "completed", "event": "classification_completed", "user_id": "anonymous", "request_id": "59277555-e777-410f-9741-96cc7336e8bc", "trace_id": "59277555-e777-410f-9741-96cc7336e8bc", "timestamp": "2026-08-17T04:52:10.839122Z", "level": "info"}
{"document_id": "c8ac0815-66db-4aa0-a932-030a86d143dd", "parser": "text_parser", "ocr": false, "event": "parsing_completed", "user_id": "anonymous", "request_id": "59277555-e777-410f-9741-96cc7336e8bc", "trace_id": "59277555-e777-410f-9741-96cc7336e8bc", "timestamp": "2026-08-17T04:52:10.849617Z", "level": "info"}
{"document_id": "c8ac0815-66db-4aa0-a932-030a86d143dd", "valid": true, "issue_count": 0, "event": "canonical_document_built", "user_id": "anonymous", "request_id": "59277555-e777-410f-9741-96cc7336e8bc", "trace_id": "59277555-e777-410f-9741-96cc7336e8bc", "timestamp": "2026-08-17T04:52:10.859523Z", "level": "info"}
{"document_id": "c8ac0815-66db-4aa0-a932-030a86d143dd", "fields": 10, "low_confidence": 0, "event": "metadata_extraction_completed", "user_id": "anonymous", "request_id": "59277555-e777-410f-9741-96cc7336e8bc", "trace_id": "59277555-e777-410f-9741-96cc7336e8bc", "timestamp": "2026-08-17T04:52:10.882692Z", "level": "info"}
{"document_id": "c8ac0815-66db-4aa0-a932-030a86d143dd", "entities": 4, "facts": 3, "line_items": 0, "event": "extraction_completed", "user_id": "anonymous", "request_id": "59277555-e777-410f-9741-96cc7336e8bc", "trace_id": "59277555-e777-410f-9741-96cc7336e8bc", "timestamp": "2026-08-17T04:52:10.901313Z", "level": "info"}
{"document_id": "c8ac0815-66db-4aa0-a932-030a86d143dd", "risk_score": 5.0, "risk_level": "low", "triggered": 1, "failed": 0, "event": "rule_evaluation_completed", "user_id": "anonymous", "request_id": "59277555-e777-410f-9741-96cc7336e8bc", "trace_id": "59277555-e777-410f-9741-96cc7336e8bc", "timestamp": "2026-08-17T04:52:10.930559Z", "level": "info"}
{"document_id": "c8ac0815-66db-4aa0-a932-030a86d143dd", "chunker": "invoice_chunker", "chunks": 5, "event": "chunking_completed", "user_id": "anonymous", "request_id": "59277555-e777-410f-9741-96cc7336e8bc", "trace_id": "59277555-e777-410f-9741-96cc7336e8bc", "timestamp": "2026-08-17T04:52:10.950313Z", "level": "info"}
{"document_id": "c8ac0815-66db-4aa0-a932-030a86d143dd", "count": 5, "failed": 0, "event": "embedding_completed", "user_id": "anonymous", "request_id": "59277555-e777-410f-9741-96cc7336e8bc", "trace_id": "59277555-e777-410f-9741-96cc7336e8bc", "timestamp": "2026-08-17T04:52:10.965712Z", "level": "info"}
{"document_id": "c8ac0815-66db-4aa0-a932-030a86d143dd", "indexed": 5, "failed": 0, "event": "document_indexed", "user_id": "anonymous", "request_id": "59277555-e777-410f-9741-96cc7336e8bc", "trace_id": "59277555-e777-410f-9741-96cc7336e8bc", "timestamp": "2026-08-17T04:52:10.980848Z", "level": "info"}
{"document_id": "c8ac0815-66db-4aa0-a932-030a86d143dd", "event": "ingestion_pipeline_completed", "user_id": "anonymous", "request_id": "59277555-e777-410f-9741-96cc7336e8bc", "trace_id": "59277555-e777-410f-9741-96cc7336e8bc", "timestamp": "2026-08-17T04:52:10.982907Z", "level": "info"}
{"path": "/api/v1/documents/upload", "method": "POST", "status": 200, "duration_ms": 184.7700999933295, "request_id": "59277555-e777-410f-9741-96cc7336e8bc", "event": "request", "timestamp": "2026-08-17T04:52:10.983578Z", "level": "info"}
HTTP Request: POST http://test/api/v1/documents/upload "HTTP/1.1 200 OK"
{"document_id": "c8ac0815-66db-4aa0-a932-030a86d143dd", "type": "invoice", "confidence": 0.75, "status": "completed", "event": "classification_completed", "user_id": "anonymous", "request_id": "7d930a55-d239-4db4-aea7-582eb1ef61bd", "trace_id": "7d930a55-d239-4db4-aea7-582eb1ef61bd", "timestamp": "2026-08-17T04:52:10.998403Z", "level": "info"}
{"path": "/api/v1/classification/c8ac0815-66db-4aa0-a932-030a86d143dd/classify", "method": "POST", "status": 200, "duration_ms": 14.233299996703863, "request_id": "7d930a55-d239-4db4-aea7-582eb1ef61bd", "event": "request", "timestamp": "2026-08-17T04:52:11.000163Z", "level": "info"}
HTTP Request: POST http://test/api/v1/classification/c8ac0815-66db-4aa0-a932-030a86d143dd/classify "HTTP/1.1 200 OK"
{"document_id": "c8ac0815-66db-4aa0-a932-030a86d143dd", "parser": "text_parser", "ocr": false, "event": "parsing_completed", "user_id": "anonymous", "request_id": "a0beb2a0-a2f8-48c4-823e-8cbb75005637", "trace_id": "a0beb2a0-a2f8-48c4-823e-8cbb75005637", "timestamp": "2026-08-17T04:52:11.013807Z", "level": "info"}
{"path": "/api/v1/parsing/c8ac0815-66db-4aa0-a932-030a86d143dd/parse", "method": "POST", "status": 200, "duration_ms": 13.029800000367686, "request_id": "a0beb2a0-a2f8-48c4-823e-8cbb75005637", "event": "request", "timestamp": "2026-08-17T04:52:11.015639Z", "level": "info"}
HTTP Request: POST http://test/api/v1/parsing/c8ac0815-66db-4aa0-a932-030a86d143dd/parse "HTTP/1.1 200 OK"
{"document_id": "c8ac0815-66db-4aa0-a932-030a86d143dd", "valid": true, "issue_count": 0, "event": "canonical_document_built", "user_id": "anonymous", "request_id": "91c8b67b-b817-4234-83ca-16ad26cde028", "trace_id": "91c8b67b-b817-4234-83ca-16ad26cde028", "timestamp": "2026-08-17T04:52:11.031760Z", "level": "info"}
{"path": "/api/v1/canonical/c8ac0815-66db-4aa0-a932-030a86d143dd/build", "method": "POST", "status": 200, "duration_ms": 14.58200000342913, "request_id": "91c8b67b-b817-4234-83ca-16ad26cde028", "event": "request", "timestamp": "2026-08-17T04:52:11.032707Z", "level": "info"}
HTTP Request: POST http://test/api/v1/canonical/c8ac0815-66db-4aa0-a932-030a86d143dd/build "HTTP/1.1 200 OK"
{"document_id": "c8ac0815-66db-4aa0-a932-030a86d143dd", "entities": 4, "facts": 3, "line_items": 0, "event": "extraction_completed", "user_id": "anonymous", "request_id": "ebfadabf-5123-40dc-92cb-a6dd084ce2bb", "trace_id": "ebfadabf-5123-40dc-92cb-a6dd084ce2bb", "timestamp": "2026-08-17T04:52:11.057919Z", "level": "info"}
{"path": "/api/v1/extraction/c8ac0815-66db-4aa0-a932-030a86d143dd/extract", "method": "POST", "status": 200, "duration_ms": 26.752700010547414, "request_id": "ebfadabf-5123-40dc-92cb-a6dd084ce2bb", "event": "request", "timestamp": "2026-08-17T04:52:11.061947Z", "level": "info"}
HTTP Request: POST http://test/api/v1/extraction/c8ac0815-66db-4aa0-a932-030a86d143dd/extract "HTTP/1.1 200 OK"
{"path": "/api/v1/rules/missing_due_date/disable", "method": "POST", "status": 200, "duration_ms": 12.636999977985397, "request_id": "72dc548c-1432-4f84-867b-7bcf84bc4125", "event": "request", "timestamp": "2026-08-17T04:52:11.078845Z", "level": "info"}
HTTP Request: POST http://test/api/v1/rules/missing_due_date/disable "HTTP/1.1 200 OK"
{"document_id": "c8ac0815-66db-4aa0-a932-030a86d143dd", "risk_score": 5.0, "risk_level": "low", "triggered": 1, "failed": 0, "event": "rule_evaluation_completed", "user_id": "anonymous", "request_id": "384aec32-f978-4a6c-bb3a-182fc3c6a6df", "trace_id": "384aec32-f978-4a6c-bb3a-182fc3c6a6df", "timestamp": "2026-08-17T04:52:11.111318Z", "level": "info"}
{"path": "/api/v1/rules/c8ac0815-66db-4aa0-a932-030a86d143dd/execute", "method": "POST", "status": 200, "duration_ms": 31.529100000625476, "request_id": "384aec32-f978-4a6c-bb3a-182fc3c6a6df", "event": "request", "timestamp": "2026-08-17T04:52:11.114041Z", "level": "info"}
HTTP Request: POST http://test/api/v1/rules/c8ac0815-66db-4aa0-a932-030a86d143dd/execute "HTTP/1.1 200 OK"
{"path": "/api/v1/rules/c8ac0815-66db-4aa0-a932-030a86d143dd/findings", "method": "GET", "status": 200, "duration_ms": 9.757300023920834, "request_id": "0ed7ddf2-264a-48f2-b167-86fc300b68f3", "event": "request", "timestamp": "2026-08-17T04:52:11.127005Z", "level": "info"}
HTTP Request: GET http://test/api/v1/rules/c8ac0815-66db-4aa0-a932-030a86d143dd/findings "HTTP/1.1 200 OK"
{"path": "/api/v1/auth/login", "method": "POST", "status": 200, "duration_ms": 95.06049999617971, "request_id": "8d7443c9-9b5b-4116-9ead-12a589210b4d", "event": "request", "timestamp": "2026-08-17T04:52:11.483969Z", "level": "info"}
HTTP Request: POST http://test/api/v1/auth/login "HTTP/1.1 200 OK"
BEGIN (implicit)
SELECT error_events.exception_type, error_events.message, error_events.category, error_events.service, error_events.endpoint, error_events.request_id, error_events.trace_id, error_events.user_id, error_events.stack_trace, error_events.fingerprint, error_events.occurrence_count, error_events.id, error_events.created_at, error_events.updated_at 
FROM error_events 
WHERE error_events.fingerprint = ?
[cached since 31.38s ago] ('78a19473e892b71c',)
ROLLBACK
{"original_error": "Missing permission: rules.manage", "tracking_error": "(sqlite3.OperationalError) no such table: error_events\n[SQL: SELECT error_events.exception_type, error_events.message, error_events.category, error_events.service, error_events.endpoint, error_events.request_id, error_events.trace_id, error_events.user_id, error_events.stack_trace, error_events.fingerprint, error_events.occurrence_count, error_events.id, error_events.created_at, error_events.updated_at \nFROM error_events \nWHERE error_events.fingerprint = ?]\n[parameters: ('78a19473e892b71c',)]\n(Background on this error at: https://sqlalche.me/e/20/e3q8)", "event": "error_tracking_failed", "user_id": "anonymous", "request_id": "262357fc-3499-4777-8af7-e6350ace723b", "trace_id": "262357fc-3499-4777-8af7-e6350ace723b", "timestamp": "2026-08-17T04:52:11.503332Z", "level": "error"}
{"path": "/api/v1/rules/some_rule/disable", "method": "POST", "status": 403, "duration_ms": 15.585899993311614, "request_id": "262357fc-3499-4777-8af7-e6350ace723b", "event": "request", "timestamp": "2026-08-17T04:52:11.503931Z", "level": "info"}
HTTP Request: POST http://test/api/v1/rules/some_rule/disable "HTTP/1.1 403 Forbidden"
{"path": "/api/v1/auth/login", "method": "POST", "status": 200, "duration_ms": 121.1530999862589, "request_id": "7a58b3f5-f62b-4974-ae47-4f4e4fcd2af8", "event": "request", "timestamp": "2026-08-17T04:52:12.158765Z", "level": "info"}
HTTP Request: POST http://test/api/v1/auth/login "HTTP/1.1 200 OK"
{"app": "audit-rag", "env": "development", "event": "startup", "timestamp": "2026-08-26T07:12:19.017771Z", "level": "info"}
